rainfall_1h,rainfall_24h,rainfall_72h,slope_angle,soil_moisture_proxy,historical_landslide_count,landslide_occurred
1.67,118.1,211.71,36.0,31.0,7,1
3.69,17.76,35.35,30.9,30.5,9,0
14.24,83.03,173.08,37.2,45.5,5,0
12.34,75.34,158.07,44.2,43.6,9,0
7.61,49.6,68.07,30.1,30.1,6,0
0.15,32.75,68.2,30.1,21.3,7,0
2.51,54.64,162.08,44.6,36.0,6,0
6.88,79.69,169.26,38.1,29.7,7,0
0.83,7.73,26.38,28.2,18.3,6,0
9.69,44.99,76.84,36.3,22.1,6,0
14.76,38.16,113.5,28.3,28.2,14,0
2.62,13.91,54.73,28.3,26.3,10,0
7.34,39.92,91.6,33.9,26.9,5,0
0.96,35.28,109.17,16.7,28.5,5,0
7.04,38.51,131.32,18.2,31.7,8,0
0.13,35.95,99.28,27.5,37.4,7,0
0.98,20.91,55.44,23.9,36.4,7,0
7.42,41.46,110.28,34.5,28.8,2,0
7.47,27.64,152.14,24.7,36.9,4,0
6.15,54.76,116.99,20.7,27.5,7,0
48.44,204.7,293.93,43.7,53.2,3,1
6.74,33.33,84.02,30.2,26.0,4,0
51.44,235.72,412.18,32.5,57.7,10,1
20.37,73.95,162.27,20.6,46.2,8,0
13.17,89.89,189.0,27.6,32.1,5,0
9.49,74.91,150.73,32.9,22.8,8,0
7.12,45.86,188.67,22.8,42.5,4,0
5.12,26.53,93.47,35.0,27.5,3,0
0.77,7.81,108.05,27.2,27.6,8,0
1.09,4.72,68.22,29.7,40.5,9,0
10.3,30.3,70.01,27.2,30.7,9,0
44.08,159.72,316.27,46.8,51.3,8,1
45.01,147.3,266.17,31.9,43.1,7,1
29.69,110.35,204.6,23.5,42.7,8,0
0.16,11.79,37.04,38.6,15.0,12,0
2.38,23.05,65.42,22.2,24.0,6,0
3.27,36.34,145.71,33.7,34.4,7,0
3.99,38.44,76.87,16.3,28.8,2,0
15.9,95.73,164.61,21.4,35.7,5,0
0.69,10.38,46.65,33.6,21.2,8,0
4.39,59.54,198.47,37.9,44.4,6,0
2.75,71.46,211.78,33.4,32.9,9,0
27.69,105.61,222.89,31.1,40.9,5,0
11.88,44.22,87.85,29.6,26.2,6,0
3.47,71.49,150.87,20.2,40.1,8,0
48.58,268.24,600.0,26.2,77.7,3,1
4.33,12.81,49.69,28.3,27.2,9,0
1.1,4.85,54.27,40.5,27.1,3,0
4.87,63.68,114.72,34.7,22.3,10,0
1.54,14.64,23.12,17.9,22.0,6,0
6.07,78.94,197.0,34.6,31.0,8,0
16.63,74.9,225.82,28.9,44.3,7,0
9.26,82.66,296.19,26.6,46.0,4,0
1.91,9.69,79.2,36.9,33.9,6,0
2.11,16.28,52.68,40.2,24.4,11,0
0.43,91.57,207.15,39.5,36.9,5,0
2.02,14.08,81.33,25.3,34.1,6,0
0.58,5.59,11.89,29.5,16.8,8,0
4.15,66.87,248.5,34.7,49.3,6,0
7.39,26.0,82.87,39.8,30.6,7,0
8.35,26.87,141.47,28.2,32.3,8,0
0.37,11.35,75.15,30.5,20.8,5,0
2.49,32.19,69.08,23.1,33.1,7,0
2.04,38.91,59.85,22.4,28.5,7,0
0.66,55.31,107.86,38.5,26.9,8,0
2.7,29.28,67.24,42.8,27.9,10,0
28.43,118.61,276.57,31.4,52.7,9,0
6.04,31.25,77.65,40.0,28.3,6,0
12.89,104.27,167.62,34.9,38.0,6,0
3.64,42.23,74.88,26.8,32.6,10,0
8.24,86.0,316.75,34.9,59.4,8,0
0.95,86.31,207.04,44.3,40.1,7,0
13.52,59.79,156.64,31.7,29.0,3,0
0.99,22.15,37.85,44.5,17.3,7,0
1.28,28.43,118.33,12.0,28.4,6,0
0.68,7.44,21.26,38.6,17.5,2,0
2.22,8.78,58.91,32.7,17.5,6,0
4.82,65.94,176.68,29.6,46.9,4,0
26.53,109.21,247.32,32.7,47.4,7,1
9.46,48.89,110.53,16.1,28.4,3,0
2.87,27.99,41.65,30.2,24.0,4,0
5.15,49.55,170.87,34.9,28.2,7,0
5.86,20.53,51.9,43.8,31.0,7,0
10.38,53.86,125.62,27.9,22.8,10,0
36.32,137.17,320.14,25.5,54.6,10,1
5.05,75.76,107.48,28.0,21.6,8,0
6.64,43.27,74.83,39.3,25.4,10,0
8.22,92.14,176.97,34.6,43.9,8,0
0.86,14.62,41.94,27.8,16.0,10,0
1.34,90.77,205.47,36.1,39.8,5,1
7.0,83.01,196.96,32.8,42.8,6,0
11.4,58.65,161.01,39.7,38.4,7,0
3.16,23.01,122.93,26.4,32.6,9,0
23.44,78.26,107.23,29.4,33.2,4,0
1.46,43.08,125.32,28.9,29.5,5,0
3.23,30.85,152.83,20.3,44.9,6,0
2.85,21.83,87.19,34.4,20.7,6,0
15.98,80.91,325.68,34.1,58.4,10,0
2.02,40.47,98.79,32.0,30.8,7,0
3.82,14.4,85.92,30.1,31.7,13,0
1.24,5.72,48.22,20.7,28.8,7,0
4.42,17.26,44.01,28.6,27.2,8,0
56.87,253.76,473.59,29.3,63.3,7,1
2.17,23.15,74.08,25.6,26.0,6,0
9.99,77.47,140.7,30.7,26.8,11,0
69.77,265.08,417.46,35.2,60.3,12,1
0.45,1.68,47.19,47.1,26.3,6,0
8.47,41.09,133.91,33.4,36.4,9,0
1.77,147.63,304.52,34.1,52.4,12,1
1.16,14.75,46.86,31.4,15.9,7,0
5.51,103.12,163.17,16.6,33.5,5,0
7.34,27.77,57.18,31.8,22.4,10,0
3.01,13.04,89.65,32.5,22.4,8,0
0.24,33.01,137.61,51.7,29.6,10,0
14.36,57.97,118.24,30.5,31.8,5,0
7.87,67.73,325.32,34.4,59.6,0,0
36.01,151.81,371.02,31.7,52.3,5,1
4.12,21.51,49.92,22.7,19.3,9,0
26.36,131.15,208.54,41.1,37.9,3,1
2.49,30.74,57.02,38.0,27.4,4,0
4.44,61.19,115.36,38.3,37.7,6,0
4.37,29.9,98.18,24.7,29.4,11,0
1.4,4.98,13.77,43.2,15.0,2,0
9.0,54.41,173.82,20.8,31.2,3,0
2.13,88.32,145.59,36.7,35.5,4,0
5.21,16.83,76.44,49.5,32.6,8,0
1.9,13.48,21.4,24.1,31.2,5,0
3.32,23.97,55.48,27.5,19.6,4,0
1.4,41.1,108.92,32.8,31.6,8,0
6.01,36.79,140.31,28.0,28.9,8,0
3.33,16.19,96.36,19.6,25.1,6,0
0.1,26.52,94.63,32.5,24.5,7,0
49.97,191.35,328.04,23.5,51.1,3,1
3.82,20.9,38.1,35.8,19.4,5,0
1.21,16.37,107.1,24.6,43.1,8,0
5.28,27.14,58.1,44.4,23.5,8,0
3.15,19.36,83.07,25.7,33.2,7,0
6.38,30.71,88.19,29.4,25.5,5,0
18.27,72.45,122.81,38.5,43.4,7,0
4.51,59.49,114.92,22.2,33.2,6,0
9.29,42.05,173.4,33.8,41.5,4,0
8.39,45.16,133.03,42.5,30.3,3,0
15.29,51.76,174.08,19.1,42.3,6,0
1.44,7.14,30.94,33.5,24.8,9,0
10.54,97.16,212.85,34.1,39.4,8,0
14.16,56.37,317.98,38.3,46.4,10,0
2.99,23.74,47.53,22.1,23.6,13,0
2.26,59.28,106.25,21.4,29.0,9,0
18.22,101.59,156.48,36.2,40.0,12,1
5.93,58.83,146.48,34.4,33.5,3,0
2.87,37.4,94.71,34.0,19.9,6,0
9.42,26.84,124.45,34.8,35.7,10,0
2.18,86.29,295.93,26.6,56.1,8,0
1.16,62.98,135.91,33.9,25.3,8,0
4.71,27.0,60.96,34.3,35.1,5,0
5.01,62.82,133.24,26.3,40.3,8,0
10.48,54.79,114.64,46.9,28.3,11,0
3.66,43.27,221.49,35.8,36.6,8,0
10.11,34.67,65.26,22.5,31.8,6,0
2.24,25.26,43.39,37.3,17.5,7,0
5.14,24.48,84.86,24.2,25.1,5,0
1.4,24.28,94.97,38.3,22.9,7,0
2.92,18.26,47.37,41.3,24.8,4,0
11.69,62.52,134.45,25.4,40.8,5,0
1.46,32.41,75.72,39.7,29.4,3,0
9.97,80.22,182.28,35.3,43.3,5,0
2.0,12.68,30.27,38.6,21.3,6,0
0.21,56.65,143.34,47.2,34.8,12,0
0.7,15.26,28.53,30.0,16.7,7,0
8.22,74.16,123.9,26.0,31.9,4,0
56.76,184.5,395.55,24.9,55.8,7,1
6.37,67.66,90.96,25.5,28.3,9,0
7.21,55.92,165.16,31.4,35.4,9,0
2.54,27.04,80.05,34.7,26.4,5,0
33.7,120.89,160.19,34.2,46.6,4,1
3.1,97.58,290.1,38.6,57.8,5,1
17.66,103.93,251.66,32.1,52.2,11,1
2.31,18.89,70.97,43.6,36.1,8,0
1.22,8.52,87.71,29.9,35.9,11,0
2.73,46.22,172.54,53.8,37.1,7,0
6.64,136.76,309.79,37.0,50.4,5,1
45.67,168.08,357.27,25.1,56.9,9,1
15.47,105.91,199.99,23.4,38.9,8,0
12.81,45.46,112.97,35.9,26.1,10,0
2.04,82.7,206.88,30.2,42.2,7,0
3.64,45.39,98.26,37.7,22.0,7,0
8.25,47.75,100.24,35.8,30.7,7,0
14.9,48.53,142.65,31.4,29.3,8,0
2.47,35.12,73.14,25.2,26.9,4,0
34.08,119.6,236.14,19.9,44.6,5,0
13.78,120.42,251.31,28.4,43.4,6,0
2.66,47.87,108.63,38.9,22.7,11,0
3.93,32.41,184.58,33.7,32.5,6,0
14.09,124.07,319.29,22.0,54.2,4,0
9.72,51.63,93.41,33.4,26.6,8,0
30.4,131.88,373.44,35.1,60.1,6,1
2.36,53.34,120.35,24.9,32.1,9,0
2.61,71.21,167.47,33.2,35.8,12,0
14.63,49.96,81.71,32.5,29.9,9,0
41.06,155.2,358.11,22.9,52.4,3,0
8.92,45.44,90.26,34.9,31.0,11,0
3.97,32.44,66.24,36.5,24.5,7,0
0.06,15.58,124.43,40.7,45.1,9,0
7.17,63.62,135.59,40.4,27.9,5,0
2.96,19.88,208.54,21.0,39.1,9,0
6.01,35.96,59.84,24.5,24.4,6,0
5.6,20.27,36.58,36.1,16.9,5,0
3.93,18.13,97.21,36.1,33.4,6,0
17.34,88.02,212.05,36.1,39.1,6,0
0.14,3.53,26.43,58.0,15.0,7,0
7.47,36.99,61.06,36.6,29.6,9,0
3.16,27.78,70.07,41.1,23.8,11,0
7.51,20.19,45.03,39.6,24.0,9,0
6.75,26.3,70.94,37.2,30.5,7,0
0.06,50.03,104.0,29.5,28.6,5,0
2.02,54.39,139.77,38.1,32.1,11,0
48.94,167.7,433.54,25.8,75.7,4,1
1.1,13.47,62.21,30.1,15.5,6,0
7.82,96.07,215.18,28.1,35.1,5,0
1.64,5.44,22.92,32.7,16.8,6,0
3.86,36.37,99.51,50.5,38.9,8,0
1.7,28.98,49.15,17.1,21.7,8,0
5.21,54.55,92.98,37.5,30.5,10,0
7.65,95.96,224.96,19.1,40.1,8,0
2.41,20.67,106.67,28.2,33.7,8,0
5.54,34.75,80.78,40.7,28.0,7,0
10.45,71.55,160.16,32.5,37.3,7,0
0.59,87.28,157.11,23.4,42.1,9,0
7.44,83.68,210.96,26.3,43.3,8,0
2.34,33.9,117.75,37.4,28.1,5,0
0.79,51.0,140.13,26.2,35.6,3,0
4.73,20.28,44.88,33.7,36.6,6,0
1.54,18.22,82.2,32.4,31.0,8,0
10.33,32.8,100.12,26.8,30.8,11,0
0.26,5.96,13.96,49.2,15.0,7,0
0.62,27.29,57.09,37.1,29.3,7,0
4.42,68.31,155.39,15.8,39.9,7,0
5.33,47.73,94.51,33.5,31.0,9,0
7.85,54.91,147.1,26.7,35.3,8,0
1.8,9.58,26.31,38.8,36.8,7,0
11.06,65.95,102.1,25.7,34.5,4,0
18.36,77.68,116.31,31.1,37.8,4,0
4.15,43.75,86.59,36.0,29.0,9,0
8.58,36.36,95.42,38.9,28.9,13,0
4.46,33.27,129.87,22.4,36.1,12,0
0.43,15.63,74.09,29.3,26.7,6,0
2.37,30.28,210.71,28.2,40.8,4,0
0.55,5.75,15.01,26.8,23.8,6,0
26.99,90.09,158.64,46.1,33.3,11,1
1.56,17.73,34.33,35.2,24.5,7,0
6.06,49.44,133.56,21.9,33.8,8,0
2.01,37.36,92.36,39.3,34.1,2,0
6.35,76.86,185.96,49.0,35.5,10,0
1.42,30.23,70.0,40.3,17.0,12,0
9.23,33.02,62.83,19.8,24.7,2,0
0.7,40.87,86.01,28.1,30.6,6,0
13.53,69.23,126.13,42.1,37.4,6,0
11.01,43.63,140.52,26.3,30.6,4,0
6.81,53.82,162.88,35.6,39.0,8,0
0.42,4.69,12.32,38.2,26.9,9,0
1.4,9.29,78.03,24.6,31.6,11,0
11.77,75.92,156.92,31.5,31.7,8,0
59.64,262.48,430.32,12.0,59.6,6,1
1.02,41.65,57.93,23.8,28.0,9,0
4.71,27.16,106.13,30.0,38.7,8,0
1.92,57.91,120.39,22.0,32.1,8,0
1.51,37.17,80.3,45.1,27.2,4,0
5.15,61.29,128.99,20.6,26.1,4,0
51.53,246.47,526.64,28.5,70.8,6,1
0.91,25.36,90.51,33.0,25.5,12,0
4.59,23.41,116.09,43.5,31.7,9,0
2.94,40.55,119.3,20.5,24.4,5,0
7.96,63.64,202.02,41.3,38.6,4,0
0.65,11.11,74.18,32.1,22.4,5,0
5.82,52.6,127.41,24.1,37.4,9,0
3.44,31.79,91.67,35.7,24.9,9,0
3.13,31.06,74.51,33.6,24.6,7,0
1.59,17.4,59.62,27.2,27.4,4,0
0.19,3.63,35.85,32.6,21.3,7,0
11.29,53.91,126.69,28.9,44.5,7,0
2.37,45.16,83.19,32.9,33.0,12,0
6.86,37.46,98.57,37.3,29.9,10,0
17.69,44.38,102.74,44.7,32.1,5,0
64.46,350.0,589.51,22.1,67.2,5,1
3.04,16.01,59.79,49.1,32.1,7,0
1.87,33.21,95.31,16.4,32.1,6,0
16.31,130.45,204.87,30.8,40.1,7,0
6.88,43.2,90.15,36.7,31.8,4,0
6.57,59.22,156.83,34.2,39.1,11,0
3.33,106.65,214.64,27.0,39.4,2,0
11.19,88.85,178.99,30.3,39.8,9,0
7.5,42.67,66.33,28.1,31.9,2,0
2.0,18.23,90.51,27.3,31.3,9,0
5.49,35.24,68.46,38.8,25.6,7,0
3.37,59.21,111.51,34.9,32.6,4,0
0.04,48.09,172.18,26.5,44.1,6,0
50.09,230.77,498.5,39.2,73.8,4,1
0.79,25.65,97.76,34.5,24.0,6,0
4.28,33.28,77.62,38.5,30.7,5,0
2.46,19.85,39.66,37.0,26.2,4,0
2.51,8.58,50.62,25.4,30.9,9,0
3.89,48.55,89.95,27.5,29.2,7,0
34.9,102.5,244.54,38.0,42.6,4,1
3.15,19.99,42.93,36.9,17.5,7,0
1.21,49.55,96.5,31.8,26.2,6,0
5.71,24.77,79.99,32.9,34.0,14,0
1.62,72.3,212.35,42.2,42.2,8,0
0.67,2.27,15.43,27.3,21.0,3,0
0.31,70.92,225.01,36.4,49.0,7,0
0.14,15.54,58.3,30.4,31.3,9,0
3.38,16.92,94.78,30.3,25.8,10,0
3.34,42.24,81.14,40.8,34.1,9,0
1.23,60.28,157.32,38.6,27.4,8,0
9.2,48.83,91.65,38.5,31.5,10,0
57.26,202.15,367.33,42.4,58.4,7,1
14.81,140.72,234.66,32.2,49.2,6,1
5.31,20.39,52.43,37.5,27.1,3,0
0.17,43.55,85.19,29.5,27.3,6,0
19.78,64.12,139.14,34.6,33.1,6,0
2.21,19.47,42.85,31.0,37.8,5,0
35.76,105.19,184.23,32.8,38.8,9,0
2.01,21.04,38.78,36.8,26.9,8,0
7.82,30.15,61.32,25.5,16.0,10,0
3.99,20.63,74.17,48.7,23.3,7,0
29.98,142.9,245.49,24.0,47.1,11,0
50.25,179.62,381.14,22.3,50.0,7,0
45.75,170.05,290.92,41.3,51.8,10,1
1.62,26.68,79.51,38.3,24.3,5,0
0.89,11.34,44.4,37.0,19.3,10,0
4.15,84.62,141.87,37.0,30.5,4,0
9.74,42.53,102.65,31.9,37.9,9,0
1.96,14.39,41.91,24.8,25.9,5,0
1.94,27.74,100.28,32.6,25.5,7,0
10.77,80.33,111.74,26.6,35.1,11,0
0.96,2.91,75.3,39.8,31.7,4,0
41.87,150.92,306.04,30.8,48.7,8,0
18.61,98.62,247.37,25.4,49.5,4,0
11.04,61.22,145.25,29.4,39.6,4,0
0.38,14.83,35.08,35.3,27.8,9,0
2.31,76.36,178.13,27.5,34.4,7,0
0.92,4.71,58.37,25.4,19.9,4,0
17.88,79.94,169.64,33.9,28.5,7,0
25.59,75.9,181.27,34.0,34.8,9,0
1.61,5.98,10.12,27.9,19.2,5,0
6.65,23.69,141.99,28.2,32.8,5,0
11.06,58.47,185.22,33.9,38.3,5,0
1.6,5.68,29.04,20.4,31.6,8,0
1.25,26.54,101.7,20.7,28.5,6,0
0.07,78.8,170.22,26.3,36.8,8,0
3.19,52.51,161.15,30.3,27.0,8,0
13.78,48.95,123.02,34.5,43.4,8,0
62.49,179.66,312.03,43.8,44.6,7,1
0.82,18.72,36.71,38.9,20.1,6,0
1.37,17.48,145.78,30.7,38.1,10,0
3.15,97.99,276.51,31.8,48.9,10,0
9.1,153.07,378.19,24.0,66.0,10,1
5.68,31.15,69.13,31.9,30.5,5,0
4.33,18.02,48.07,29.7,24.4,9,0
5.38,78.34,195.77,34.6,44.8,4,0
0.61,41.35,128.35,25.4,38.6,10,0
40.57,164.55,395.2,36.2,56.2,5,1
29.02,106.47,195.53,44.3,44.4,11,1
0.56,16.54,65.71,31.1,25.5,11,0
4.39,76.97,171.37,35.2,36.6,5,0
2.1,11.66,31.58,37.5,23.9,5,0
4.66,59.25,116.83,28.8,29.8,9,0
5.12,16.81,30.79,33.8,20.9,8,0
5.17,80.74,154.76,32.1,40.4,6,0
11.47,51.44,142.15,32.8,26.6,1,0
2.96,18.3,97.82,25.8,24.5,7,0
4.36,17.39,69.77,32.2,30.4,9,0
0.07,20.67,54.29,36.0,25.1,6,0
9.35,31.51,82.43,43.6,33.2,12,0
1.8,32.77,130.55,39.7,34.8,6,0
10.18,51.78,129.58,49.2,26.3,7,0
1.85,8.81,31.26,25.9,23.4,3,0
0.07,17.81,117.94,39.0,34.5,11,0
1.01,24.94,112.49,33.5,32.4,6,0
25.48,85.81,187.78,49.5,36.4,9,0
2.31,24.12,116.27,25.5,30.3,4,0
0.69,24.65,71.67,25.3,24.4,7,0
0.76,21.71,111.27,27.2,24.5,8,0
2.23,9.26,45.48,15.0,17.2,7,0
45.27,172.33,323.07,27.8,54.3,7,1
4.3,19.35,75.26,25.9,23.2,8,0
1.44,35.58,95.49,33.2,32.4,8,0
4.4,35.74,68.17,34.7,23.8,4,0
0.91,17.92,154.41,47.0,28.9,6,0
3.37,54.44,104.02,39.6,28.4,5,0
5.47,27.98,140.27,27.4,44.5,6,0
0.38,22.06,53.52,24.8,24.9,7,0
3.05,13.41,39.22,35.9,27.2,5,0
2.16,43.29,89.62,21.4,29.8,9,0
1.65,34.07,118.07,46.7,24.8,5,0
5.57,60.66,93.82,41.4,36.6,4,0
5.33,68.5,241.13,28.2,42.9,10,0
5.98,50.74,145.62,18.3,28.0,5,0
1.04,50.53,137.82,42.8,31.2,6,0
2.02,18.4,40.52,31.1,23.0,7,0
1.41,15.74,44.07,41.9,28.2,8,0
4.67,91.88,253.08,19.2,41.9,6,0
3.71,71.38,118.92,27.2,45.0,1,0
2.41,26.4,57.39,32.0,21.1,5,0
9.25,50.54,99.28,32.4,33.0,9,0
36.07,176.74,395.88,28.4,49.7,5,1
22.11,77.11,180.42,37.0,37.4,10,0
0.74,7.13,33.3,23.5,25.2,6,0
8.9,63.67,160.95,30.9,30.5,9,0
2.76,11.78,116.56,33.0,39.2,8,0
12.03,61.03,112.52,36.1,33.4,6,0
0.46,42.63,87.71,37.7,27.2,9,0
55.25,178.78,378.17,23.0,59.9,5,1
2.45,77.32,165.48,19.7,33.6,7,0
29.91,189.54,417.79,42.2,68.0,3,1
25.42,117.76,248.12,34.7,49.9,4,1
1.26,114.32,191.57,26.0,41.0,10,0
5.96,42.01,96.76,44.4,32.7,8,0
4.6,34.57,88.46,32.9,21.5,7,0
1.01,49.06,202.1,41.4,47.5,8,0
1.1,19.82,48.18,32.5,24.3,10,0
27.2,97.57,188.76,48.5,44.0,10,1
3.62,37.76,81.76,46.0,31.9,8,0
0.81,29.06,65.91,30.0,31.6,9,0
1.45,39.02,117.5,39.8,26.5,10,0
37.81,188.58,384.9,37.2,53.9,7,1
4.29,50.75,135.27,42.9,44.8,7,0
2.45,36.64,144.94,24.3,26.9,10,0
3.64,27.01,108.31,37.5,25.3,7,0
44.82,146.27,203.63,40.5,40.6,7,1
2.37,47.14,88.19,17.9,29.0,6,0
0.44,2.01,42.86,22.5,21.6,10,0
13.23,168.14,351.89,15.7,58.3,4,0
1.33,48.48,89.83,29.8,33.5,1,0
8.49,57.09,128.96,37.7,32.8,5,0
2.58,91.98,201.49,44.0,38.8,6,1
3.86,34.17,53.79,32.6,25.3,5,0
2.07,10.6,61.16,45.0,23.6,8,0
7.15,52.38,113.94,21.0,22.9,5,0
11.17,45.56,94.11,18.4,30.9,6,0
2.02,19.78,64.1,31.6,30.2,7,0
1.66,21.73,80.39,35.1,27.3,4,0
6.86,56.01,100.24,31.7,18.7,7,0
1.3,21.51,96.8,15.5,26.8,8,0
6.13,35.26,64.19,31.3,30.9,6,0
0.6,11.18,44.77,21.6,17.3,9,0
5.81,40.66,82.16,37.4,31.7,11,0
4.32,25.93,101.53,34.9,27.9,8,0
0.73,10.52,79.43,24.5,27.8,5,0
6.28,61.87,102.74,27.9,26.8,6,0
3.55,25.69,51.56,23.5,19.5,5,0
1.47,7.34,93.59,31.5,36.5,6,0
2.62,18.81,44.05,39.6,28.5,6,0
4.06,37.35,97.58,24.1,33.0,9,0
0.58,44.15,81.88,36.0,32.7,4,0
18.96,155.28,439.2,27.8,66.4,6,1
6.57,55.79,184.73,25.7,43.2,6,0
0.65,16.73,28.12,31.1,19.5,6,0
10.38,54.8,136.56,23.7,40.5,7,0
2.34,11.97,97.59,27.6,36.2,9,0
5.45,43.3,95.15,22.4,31.4,10,0
1.95,25.98,73.34,47.7,25.9,6,0
7.93,48.52,111.74,32.3,25.1,8,0
7.7,28.01,45.77,26.4,25.7,8,0
30.63,138.15,307.3,33.7,59.2,6,1
1.65,15.19,50.23,31.1,19.2,9,0
54.47,221.44,319.06,30.2,57.0,6,1
2.9,17.08,38.63,36.9,21.5,9,0
0.94,26.45,111.68,38.1,29.2,5,0
2.47,10.63,75.17,27.8,21.6,5,0
6.92,46.01,101.83,27.4,26.4,5,0
10.66,32.24,131.41,29.8,36.4,11,0
2.43,12.28,22.59,13.6,26.1,7,0
1.6,9.91,70.54,19.9,28.2,5,0
10.73,41.39,89.63,42.9,26.5,2,0
13.28,48.35,77.93,45.2,22.3,5,0
3.17,54.73,94.05,30.0,29.7,6,0
0.16,6.83,25.15,36.6,20.7,7,0
7.12,32.81,114.89,34.5,32.5,8,0
9.2,47.96,118.49,56.6,30.2,6,0
0.11,29.48,75.51,41.0,26.1,8,0
5.42,25.98,43.34,31.0,25.1,12,0
5.33,44.96,174.56,24.4,39.2,3,0
2.86,47.92,98.3,19.1,36.0,7,0
8.31,37.91,97.52,33.6,28.1,4,0
3.35,33.61,110.4,25.9,33.8,10,0
6.78,21.8,49.69,20.6,34.0,11,0
4.37,16.57,66.03,26.8,29.5,6,0
48.43,316.48,438.64,23.3,69.7,7,1
37.32,153.8,244.63,45.5,41.4,12,1
8.01,40.06,132.11,39.1,29.6,2,0
21.88,146.62,325.43,31.9,51.7,6,1
2.87,39.87,81.48,43.8,27.9,8,0
0.4,23.03,43.4,32.6,29.7,8,0
26.52,148.96,279.24,25.1,44.3,0,0
5.87,57.1,101.78,44.2,29.7,6,0
17.56,91.68,202.25,36.3,45.6,7,1
33.2,104.05,187.71,23.7,39.8,6,0
2.51,20.32,94.35,30.5,29.4,7,0
0.86,11.47,54.12,25.0,26.6,8,0
10.83,36.92,85.81,20.9,22.9,3,0
12.74,64.21,207.85,39.4,35.1,7,0
4.17,41.61,66.46,47.3,18.7,7,0
1.24,9.86,29.84,20.8,24.0,3,0
0.82,12.19,25.81,36.5,27.2,4,0
5.32,46.94,90.27,26.8,32.9,4,0
4.24,38.49,230.88,28.1,48.8,4,0
7.12,75.35,135.06,27.3,40.8,3,0
2.18,46.09,146.34,25.1,35.4,12,0
3.09,93.72,196.14,32.4,39.3,4,1
0.13,23.23,32.46,25.4,30.6,9,0
39.84,206.01,479.55,34.2,64.4,6,1
3.3,61.33,226.88,31.6,36.8,8,0
15.14,111.28,243.97,30.1,42.7,3,0
6.16,47.28,111.21,24.7,28.8,6,0
3.05,29.82,47.74,27.4,25.0,9,0
1.84,15.7,40.73,38.0,19.8,6,0
14.14,105.63,244.91,36.0,46.3,7,1
0.1,37.91,67.24,24.2,23.9,9,0
2.38,54.23,145.17,32.8,40.7,8,0
17.24,55.19,174.49,38.0,31.5,1,0
6.37,28.12,49.11,18.6,24.2,6,0
4.56,30.32,68.96,36.3,25.2,9,0
1.37,51.45,204.27,26.7,41.6,6,0
10.75,84.28,153.79,36.6,40.0,7,0
1.37,13.47,39.91,25.9,25.3,5,0
1.71,35.91,61.01,17.6,25.5,7,0
1.28,5.52,22.05,19.0,25.7,4,0
1.03,16.0,38.3,32.4,28.0,7,0
18.39,76.1,153.59,34.1,36.7,8,0
5.53,53.12,80.52,24.8,30.0,10,0
6.09,73.29,181.15,37.1,41.3,7,0
18.52,63.94,138.43,18.7,25.6,7,0
1.57,23.1,31.69,31.5,21.4,12,0
0.04,26.2,107.6,22.3,32.6,8,0
5.48,31.21,79.5,26.8,26.5,5,0
4.25,122.52,231.4,32.4,41.7,6,1
3.9,66.03,204.12,25.1,42.3,4,0
0.38,10.48,24.43,28.9,24.4,8,0
3.64,33.22,59.68,40.1,28.3,5,0
2.03,15.54,104.23,27.4,26.5,9,0
1.93,24.38,42.64,38.7,17.2,6,0
1.51,35.17,136.9,23.0,37.7,8,0
2.43,12.0,77.62,36.2,24.0,9,0
47.79,203.0,334.71,43.5,49.4,5,1
2.22,28.53,51.59,12.2,20.7,10,0
23.11,203.48,332.7,25.6,59.0,6,1
60.39,168.09,274.5,36.6,48.5,9,1
5.13,60.35,170.38,30.4,38.8,9,0
23.8,122.56,237.05,35.0,47.2,8,1
28.4,113.17,193.51,27.2,39.1,7,0
2.64,21.7,60.51,32.7,31.1,6,0
3.53,67.06,96.12,30.8,23.6,8,0
19.17,91.95,141.41,41.3,28.7,1,0
5.63,30.39,46.81,34.0,19.0,4,0
1.44,64.54,159.22,34.7,38.0,8,0
7.02,26.13,39.28,28.7,26.5,5,0
1.38,21.84,56.89,28.1,23.3,6,0
2.49,34.59,58.4,28.5,24.7,4,0
1.55,28.77,79.47,35.2,34.3,8,0
1.69,13.35,40.91,28.6,20.6,5,0
0.03,20.83,37.07,34.3,25.2,7,0
12.76,87.05,139.65,48.6,30.5,6,0
2.11,28.62,67.25,39.0,32.2,9,0
0.54,30.71,55.77,29.4,28.7,8,0
0.55,9.53,66.8,41.6,19.7,3,0
4.87,65.63,104.19,28.7,29.1,6,0
29.7,118.52,237.46,15.7,33.4,6,0
0.94,111.56,264.37,23.9,50.9,7,0
0.63,2.63,74.84,17.0,37.7,5,0
3.46,24.42,80.31,29.2,17.1,8,0
39.56,136.9,290.71,32.1,41.9,3,1
2.09,26.29,114.38,45.4,32.3,5,0
2.16,12.53,79.51,34.6,27.9,9,0
3.31,46.28,189.09,30.2,36.9,7,0
2.26,63.55,94.7,38.6,20.8,12,0
14.81,70.19,131.05,14.3,34.7,7,0
0.26,5.37,31.21,33.9,27.6,6,0
1.6,58.77,132.63,38.2,47.5,6,0
59.21,189.52,525.22,20.2,79.1,6,1
10.77,54.6,109.95,41.2,24.5,7,0
0.71,8.1,52.83,34.7,25.2,8,0
21.84,99.35,204.52,28.7,43.4,13,0
7.09,38.06,65.24,37.1,23.1,2,0
1.91,35.47,71.91,50.2,31.1,7,0
3.65,30.31,48.84,33.5,28.4,6,0
2.12,47.41,109.52,34.0,37.1,2,0
0.98,13.65,30.72,28.3,27.1,5,0
58.18,188.2,375.56,25.2,59.0,6,1
5.21,28.79,62.39,38.6,23.0,6,0
37.01,180.64,436.58,25.2,57.2,8,1
2.71,29.98,72.1,32.6,28.3,11,0
2.57,11.68,44.38,28.2,22.4,4,0
3.79,18.78,49.77,35.8,23.4,6,0
6.21,26.62,113.78,34.7,37.0,3,0
8.36,24.52,46.41,40.3,31.5,8,0
2.37,25.35,176.81,27.9,31.5,8,0
5.3,29.4,71.18,29.8,26.1,6,0
2.96,95.29,204.19,24.2,38.3,8,0
7.56,27.66,54.63,28.4,27.0,9,0
1.08,44.0,94.08,35.0,18.1,8,0
1.78,16.83,38.36,38.1,16.5,10,0
42.93,163.38,288.6,24.6,48.3,6,0
58.99,311.1,585.74,39.0,82.5,7,1
5.11,53.75,82.01,42.8,28.6,11,0
20.18,90.17,174.32,35.3,40.8,5,1
46.18,169.64,329.34,47.0,53.9,6,1
3.7,129.2,242.45,25.8,50.6,6,0
3.26,33.17,82.79,22.0,35.7,10,0
5.5,20.34,37.71,17.8,20.0,9,0
10.03,41.36,73.82,44.0,31.8,4,0
11.05,68.3,144.82,37.2,37.0,5,0
6.66,55.59,143.74,31.6,46.9,7,0
6.16,51.65,115.84,34.2,27.6,10,0
17.86,49.66,87.99,23.0,28.2,6,0
2.9,82.83,186.41,51.6,33.5,7,0
10.73,46.88,157.61,33.0,30.9,6,0
15.27,88.44,190.34,32.9,41.0,7,0
4.06,15.14,147.47,37.8,35.8,5,0
7.84,108.33,562.99,35.8,79.0,3,1
2.84,29.83,117.43,33.8,34.3,5,0
1.04,24.09,50.65,25.7,23.9,3,0
5.3,89.68,132.78,35.8,32.1,10,0
1.31,69.57,162.93,47.1,31.4,8,0
3.67,16.01,174.62,42.8,34.0,12,0
12.38,110.32,182.68,44.7,38.0,5,1
0.54,34.87,93.34,27.9,30.3,5,0
0.19,1.23,113.78,24.1,34.9,6,0
5.6,23.92,97.26,31.0,32.8,3,0
2.41,19.82,68.35,32.4,34.6,7,0
28.93,107.79,243.28,40.8,39.5,4,0
3.12,40.25,60.95,18.5,24.9,6,0
0.54,7.3,38.33,44.2,19.4,7,0
0.02,45.36,170.44,30.7,43.4,8,0
13.72,89.92,200.69,28.6,37.6,5,0
1.47,29.8,62.22,23.9,32.0,6,0
3.33,77.15,172.81,18.8,44.5,8,0
21.44,131.66,223.16,38.6,44.4,7,1
10.52,36.63,81.59,32.6,29.6,5,0
0.69,41.95,65.36,21.7,26.7,6,0
4.26,92.61,212.08,21.6,39.6,7,0
7.86,35.99,163.86,29.3,34.2,6,0
7.19,128.06,323.62,45.4,51.6,7,1
8.58,22.21,75.44,29.9,36.7,4,0
3.67,30.67,90.43,20.0,23.8,7,0
1.16,41.78,98.16,30.0,30.8,7,0
3.75,54.66,164.05,29.8,40.0,5,0
6.26,49.61,86.99,12.0,27.3,7,0
5.63,40.57,82.74,31.6,30.4,6,0
0.44,27.67,41.91,30.2,16.7,5,0
0.4,31.16,85.34,37.6,35.2,13,0
20.16,87.17,201.62,46.8,45.8,7,0
0.99,25.42,192.58,41.0,38.8,7,0
2.09,55.15,125.79,29.8,28.2,5,0
8.76,44.25,117.81,23.1,35.7,11,0
3.16,31.75,54.91,52.6,19.8,3,0
1.2,4.12,33.15,32.5,18.3,10,0
3.78,38.62,105.4,32.1,30.3,6,0
5.05,20.68,53.72,31.8,33.0,6,0
3.62,28.82,46.6,33.6,27.9,6,0
15.08,64.51,145.71,30.8,31.3,9,0
2.01,7.16,21.23,27.4,15.0,9,0
6.5,39.71,69.01,27.6,27.1,7,0
33.08,131.23,202.27,31.7,41.5,3,0
2.99,22.3,42.46,27.7,23.9,6,0
8.11,36.22,107.51,26.3,39.8,8,0
1.53,78.7,178.78,32.9,37.2,7,0
5.35,22.09,58.48,30.0,15.0,5,0
1.0,59.41,199.41,44.0,37.9,8,0
0.65,35.15,132.57,12.0,35.5,9,0
4.44,20.18,39.47,40.7,25.9,3,0
6.74,42.31,123.18,42.0,31.4,11,0
0.72,114.34,217.3,15.4,40.0,7,0
42.15,198.0,363.93,29.3,46.4,7,1
1.54,7.93,69.09,29.0,27.3,8,0
0.77,17.98,39.35,20.7,22.2,14,0
1.36,21.74,67.09,25.8,28.0,12,0
1.11,44.58,151.08,23.1,37.6,10,0
0.57,63.88,138.38,46.0,40.0,7,0
9.59,26.26,45.48,39.5,19.8,9,0
4.11,20.78,32.05,42.2,16.7,8,0
2.95,19.65,33.4,37.8,20.5,4,0
18.05,201.29,276.65,23.0,44.0,3,0
2.78,29.46,54.53,27.8,21.3,5,0
1.1,57.74,96.17,35.9,36.8,7,0
46.84,162.11,217.63,22.2,42.5,11,1
1.64,37.92,95.25,37.7,39.4,6,0
4.14,23.52,205.64,30.1,40.5,7,0
2.07,68.05,230.33,29.0,37.2,10,0
4.35,30.23,76.48,37.7,23.6,3,0
6.64,61.78,142.15,35.6,39.3,10,0
9.01,46.29,165.74,29.1,30.9,4,0
7.43,54.85,178.48,41.3,40.6,6,0
1.38,17.9,101.23,23.4,28.3,6,0
0.74,3.62,60.38,36.9,21.4,7,0
4.69,25.68,54.75,36.7,32.4,3,0
1.33,25.37,43.45,29.5,21.4,9,0
0.53,5.99,35.64,34.6,19.4,11,0
4.49,22.22,47.42,22.0,24.3,7,0
2.37,25.23,282.21,39.4,45.7,7,0
8.47,46.46,85.26,30.5,39.6,9,0
2.26,21.96,157.34,27.8,41.0,10,0
23.1,110.68,249.37,40.4,42.0,11,1
8.53,29.5,72.6,26.4,24.9,6,0
0.36,6.36,17.81,20.7,15.0,11,0
51.85,187.41,412.11,19.5,61.9,4,1
4.96,17.04,72.43,36.8,23.5,5,0
7.13,46.6,137.18,21.8,34.2,11,0
4.13,26.53,182.13,46.0,28.4,3,0
3.96,96.39,183.63,15.3,38.2,5,0
2.75,12.06,30.61,45.6,31.6,5,0
1.9,50.31,96.71,33.7,29.9,6,0
17.53,86.57,151.56,31.2,31.3,12,0
2.29,6.08,70.41,27.6,26.9,8,0
0.39,8.8,19.58,35.2,21.6,0,0
1.1,16.74,63.46,31.7,37.3,5,0
11.68,47.57,86.31,40.8,27.0,6,0
5.3,25.89,60.97,32.9,20.1,7,0
9.05,102.75,247.9,33.2,44.9,9,0
9.93,41.66,94.35,29.1,30.4,10,0
10.4,54.56,124.48,31.5,35.3,5,0
4.8,49.91,141.84,34.5,38.0,4,0
1.17,44.45,71.68,18.3,36.9,7,0
0.96,5.35,45.01,21.2,21.5,8,0
5.12,52.46,211.16,37.9,37.7,6,0
2.74,25.19,88.02,33.4,19.5,8,0
4.9,15.93,47.49,30.5,28.1,8,0
34.73,130.43,287.52,32.1,44.3,6,1
5.53,20.78,87.83,34.8,33.2,5,0
0.2,11.7,33.35,27.7,20.9,6,0
0.2,7.97,53.31,25.8,34.0,7,0
44.33,192.32,295.85,33.6,42.4,9,1
1.29,25.02,103.8,24.2,35.5,3,0
6.34,55.0,112.14,35.3,35.7,5,0
4.75,40.14,154.65,18.4,38.1,6,0
24.04,121.56,270.62,40.2,41.5,7,1
10.83,78.06,142.93,35.8,36.9,3,0
3.2,63.49,154.18,34.0,36.1,7,0
5.75,63.69,119.98,39.9,22.8,10,0
0.75,6.42,14.75,45.3,29.3,6,0
2.93,17.48,37.14,40.1,22.0,5,0
7.94,51.78,107.36,17.3,38.1,4,0
5.85,27.21,66.32,21.8,26.3,4,0
3.98,14.81,39.72,27.0,28.9,7,0
1.17,12.96,19.09,32.2,17.6,6,0
9.75,124.34,230.07,36.1,44.1,5,1
1.91,17.82,29.12,26.2,23.6,6,0
10.3,59.89,113.23,33.5,29.7,6,0
5.67,25.55,58.33,26.0,21.5,4,0
2.8,40.75,107.86,27.1,15.5,10,0
0.25,14.21,22.34,20.7,18.0,10,0
1.59,9.56,30.38,24.6,26.5,1,0
13.19,121.9,229.13,21.2,35.9,6,0
10.22,72.36,112.93,24.2,25.4,7,0
5.13,49.08,117.73,40.4,24.6,7,0
40.31,203.73,338.73,24.4,54.9,7,1
6.25,41.14,131.82,53.1,28.7,3,0
3.77,46.64,122.85,35.9,38.4,7,0
6.2,26.1,218.31,33.5,45.5,5,0
2.2,39.02,80.36,25.1,29.0,9,0
10.94,38.42,107.08,37.6,32.2,9,0
7.26,34.21,161.54,27.4,32.3,10,0
2.4,21.13,53.83,33.0,21.6,3,0
10.66,31.71,69.67,52.5,30.5,4,0
4.01,27.5,72.67,31.2,31.8,11,0
1.15,22.61,67.06,41.2,30.2,10,0
0.49,25.79,46.69,26.4,22.3,11,0
7.22,22.81,98.88,31.7,27.9,4,0
12.02,58.95,227.63,46.2,38.1,11,0
9.88,66.26,110.39,27.0,34.9,8,0
6.4,50.95,149.15,46.5,25.1,8,0
0.91,4.57,17.53,37.7,15.0,6,0
0.59,22.02,39.93,27.5,15.0,3,0
2.54,48.21,117.03,37.1,21.0,7,0
11.58,42.76,68.72,39.8,33.7,9,0
19.58,96.81,234.07,37.0,47.3,5,1
1.66,15.91,25.4,19.4,16.5,6,0
8.62,84.96,154.43,26.2,34.9,4,0
5.12,21.69,65.96,30.0,33.9,5,0
0.19,10.24,103.67,31.4,32.9,7,0
4.7,77.71,176.65,37.0,48.2,6,0
9.84,47.6,90.11,33.4,28.4,7,0
55.63,255.41,484.29,21.3,65.2,3,1
13.66,55.68,195.86,35.0,34.2,7,0
1.62,109.88,191.48,36.9,39.3,8,1
32.29,170.71,379.3,36.5,62.6,7,1
1.05,28.18,70.23,40.6,27.5,9,0
10.88,37.66,76.64,38.7,25.9,7,0
3.24,15.27,53.04,35.7,31.6,10,0
9.57,55.31,161.77,31.4,38.8,6,0
4.55,27.26,54.53,18.7,24.9,8,0
3.93,36.2,194.2,35.4,35.6,2,0
9.87,62.26,127.13,33.7,31.4,4,0
3.3,55.2,97.72,34.2,32.1,6,0
9.72,43.15,68.61,21.8,23.0,10,0
0.64,23.7,69.61,23.4,20.8,5,0
6.07,59.48,110.49,40.4,28.6,12,0
7.28,37.03,65.11,31.7,26.3,3,0
13.76,88.74,333.07,37.5,60.1,12,1
1.52,9.36,38.03,32.2,18.0,6,0
49.75,213.05,361.89,32.2,57.3,7,1
3.41,83.87,188.54,39.5,37.5,11,0
55.3,204.82,386.27,27.9,57.5,5,1
0.68,14.38,36.22,32.8,31.3,4,0
0.86,5.96,24.14,28.3,22.8,4,0
10.88,60.69,116.67,28.5,27.1,10,0
8.31,46.73,137.89,29.5,38.2,3,0
2.89,11.47,25.0,33.8,26.6,4,0
10.58,63.35,168.84,28.2,31.9,11,0
0.51,45.76,80.87,42.0,22.1,5,0
5.88,76.83,171.83,24.8,39.2,8,0
12.16,55.55,105.33,30.5,30.4,6,0
10.95,56.43,84.92,28.5,26.1,8,0
2.8,61.36,156.34,43.6,40.9,8,0
62.24,189.62,344.11,33.6,51.4,8,1
3.35,40.94,258.94,40.3,48.0,5,0
11.0,70.62,130.7,20.1,38.9,4,0
4.54,30.82,75.28,34.1,25.8,10,0
8.69,30.77,55.3,39.1,16.4,5,0
0.49,1.82,4.08,32.7,18.4,11,0
5.35,28.49,57.9,40.5,26.7,7,0
4.79,31.04,102.5,27.9,35.3,5,0
5.65,59.85,147.95,43.3,32.2,9,0
7.14,43.7,101.6,50.4,38.8,7,0
15.01,75.41,163.34,29.1,29.8,10,0
9.24,53.7,100.65,28.4,30.9,4,0
49.82,204.06,329.26,43.6,51.7,3,1
45.97,171.45,290.51,44.6,55.8,8,1
0.78,6.15,116.48,27.8,24.3,10,0
5.84,35.27,107.18,28.6,32.8,7,0
12.86,47.94,204.65,29.7,39.2,4,0
0.64,8.01,26.55,21.2,30.3,7,0
11.37,70.88,150.96,24.7,31.0,7,0
9.62,41.95,105.15,24.0,32.6,11,0
4.2,16.25,78.56,25.9,23.7,8,0
2.22,84.02,130.42,31.7,34.0,1,0
3.12,35.97,278.73,33.9,46.0,10,0
20.78,81.6,245.6,44.4,42.6,9,0
1.35,5.0,14.43,24.0,15.0,11,0
5.2,41.86,118.95,39.9,34.0,4,0
0.52,21.17,59.21,30.3,20.5,8,0
1.47,7.54,89.89,31.6,23.4,7,0
8.65,34.58,100.36,37.4,22.3,9,0
55.97,315.38,466.16,23.0,61.3,7,1
25.51,119.2,218.86,35.1,44.4,16,1
4.17,30.43,52.11,33.3,27.5,4,0
4.36,26.12,39.93,35.9,27.3,10,0
0.22,4.58,11.3,34.3,16.0,5,0
18.81,67.36,133.89,51.6,34.5,6,0
1.15,68.63,166.38,26.9,33.6,5,0
4.64,14.35,45.82,27.8,29.4,2,0
3.02,128.02,241.07,27.0,46.2,5,1
3.22,14.53,35.68,27.6,20.3,2,0
6.19,36.31,82.6,26.9,33.5,7,0
57.49,198.73,469.52,41.5,69.5,12,1
1.01,25.75,59.69,43.4,19.0,5,0
4.15,32.54,65.28,27.4,18.2,7,0
9.38,62.53,95.74,25.3,22.8,10,0
3.51,30.41,89.55,35.8,37.2,7,0
1.09,17.23,93.5,27.6,24.3,6,0
2.25,41.59,83.12,37.1,37.7,9,0
1.43,5.62,16.04,33.6,16.3,12,0
0.81,23.08,104.72,19.9,24.6,11,0
2.84,11.75,19.39,44.4,26.3,7,0
4.67,30.93,80.44,46.4,32.7,11,0
0.45,40.9,82.91,27.1,31.1,9,0
5.56,19.12,121.73,28.9,35.6,10,0
29.79,164.24,319.34,34.3,47.9,13,1
69.62,340.53,600.0,34.7,84.2,7,1
10.6,44.93,119.43,37.3,33.1,4,0
1.86,6.63,36.93,48.1,21.9,5,0
0.14,39.5,89.95,30.6,29.5,5,0
10.76,94.53,186.34,25.6,43.9,8,0
0.34,6.16,33.16,21.0,25.3,9,0
1.38,67.83,145.03,26.2,23.7,6,0
4.72,76.86,163.42,31.7,40.8,10,0
28.54,127.6,229.54,46.4,47.0,2,1
10.77,82.68,189.39,27.9,37.0,8,0
9.01,42.65,114.44,33.8,32.0,9,0
8.46,58.28,125.85,31.9,33.1,5,0
10.16,52.62,86.22,41.5,18.7,6,0
1.49,8.93,52.9,52.2,23.3,8,0
34.35,166.55,330.81,27.8,51.3,7,1
2.63,10.4,35.63,28.1,22.8,7,0
6.59,43.84,95.74,40.4,26.9,9,0
0.78,53.3,116.26,37.5,34.9,3,0
7.34,34.72,112.71,46.8,27.2,6,0
21.48,92.08,139.0,36.7,38.5,5,1
0.27,22.92,114.61,29.1,34.5,9,0
0.59,9.05,63.9,36.7,33.2,8,0
0.79,49.68,88.62,40.9,37.5,6,0
3.38,24.82,132.64,38.6,42.0,5,0
2.06,29.49,96.85,36.1,23.8,12,0
9.87,32.77,156.15,40.5,37.3,7,0
3.85,13.06,51.08,41.4,21.5,7,0
3.98,18.47,56.48,43.1,42.0,5,0
7.57,31.28,84.6,37.2,31.5,6,0
2.7,26.56,60.55,30.7,33.1,5,0
2.61,31.19,125.94,33.2,34.8,6,0
8.49,24.34,71.84,41.7,15.0,6,0
9.09,30.41,88.52,25.5,24.9,7,0
0.09,16.88,118.74,34.9,28.4,5,0
0.93,43.92,237.92,28.9,41.8,5,0
1.44,28.83,51.68,32.2,27.0,6,0
2.6,11.68,70.65,42.2,29.6,10,0
2.07,62.57,161.29,33.5,23.0,3,0
6.63,91.71,148.63,32.4,33.7,4,0
10.57,57.36,235.42,21.1,41.1,6,0
1.28,29.57,112.78,38.0,38.2,9,0
4.97,36.5,111.13,37.2,34.1,7,0
2.75,82.18,164.35,49.3,35.5,10,0
4.23,34.76,112.57,29.5,32.4,6,0
5.82,105.03,166.65,33.8,28.2,10,1
13.44,64.76,121.62,34.0,35.5,6,0
1.28,14.94,42.97,44.6,22.3,16,0
0.55,39.83,79.36,31.2,23.9,7,0
5.92,58.52,145.32,34.2,41.1,1,0
3.01,44.42,138.76,36.9,35.2,14,0
1.07,53.41,89.87,33.5,25.7,3,0
0.75,33.48,118.73,28.4,28.9,10,0
4.91,42.03,65.96,33.6,28.4,4,0
2.14,22.27,54.57,40.6,26.9,6,0
35.77,175.53,393.12,23.8,59.5,7,1
3.12,22.29,81.5,33.1,22.1,10,0
50.77,173.67,278.62,26.4,42.6,12,1
5.95,36.43,77.86,41.6,24.0,6,0
1.68,8.79,16.84,19.8,20.7,11,0
4.09,16.3,63.72,27.5,26.2,10,0
3.95,76.78,181.11,35.0,37.3,8,0
3.63,10.91,32.35,44.5,22.7,7,0
9.54,37.7,75.0,31.5,36.9,8,0
1.46,19.49,34.44,27.6,27.7,6,0
14.08,55.84,110.54,47.0,37.0,10,0
9.4,40.2,101.48,20.4,32.5,11,0
2.43,12.93,50.09,14.4,25.4,6,0
1.2,7.25,46.34,35.5,26.7,9,0
1.97,46.58,94.21,28.0,30.5,6,0
60.49,217.33,564.53,23.8,80.5,8,1
4.88,19.21,54.04,37.7,20.5,9,0
0.28,28.53,56.55,34.0,29.3,8,0
14.75,75.98,152.99,27.5,36.1,10,0
0.62,34.0,81.65,21.8,19.1,5,0
1.96,24.55,65.4,39.0,27.0,9,0
0.69,10.45,52.91,37.2,18.8,3,0
1.78,31.83,140.56,31.2,31.4,8,0
10.91,52.24,123.11,46.8,31.5,10,0
5.73,21.53,113.76,23.4,23.8,2,0
1.55,19.2,41.69,19.8,23.9,5,0
12.32,76.44,175.06,26.5,37.8,3,0
9.68,56.56,114.63,31.6,35.2,7,0
8.41,45.77,125.94,33.9,30.3,7,0
11.29,82.21,184.12,30.1,39.8,5,0
5.8,73.19,193.11,34.8,38.8,7,0
4.18,29.57,72.63,22.0,25.2,9,0
2.81,19.87,44.39,43.6,16.1,3,0
1.52,30.33,64.55,31.3,25.9,7,0
4.89,17.96,46.49,40.9,28.4,11,0
65.3,214.41,351.59,34.7,50.5,9,1
5.41,59.88,91.16,35.7,28.0,7,0
15.12,57.11,114.13,36.6,31.1,3,0
2.65,12.18,62.25,35.6,31.7,9,0
7.13,26.57,65.14,37.1,26.7,7,0
6.28,49.47,69.38,42.6,28.4,4,0
6.66,32.07,75.74,33.6,27.5,9,0
6.21,39.28,166.96,37.7,34.2,3,0
1.5,16.31,56.88,31.3,20.0,12,0
0.93,8.02,163.31,43.5,34.9,6,0
23.07,91.91,226.99,26.6,44.7,4,0
0.28,16.62,141.4,46.4,34.8,7,0
3.78,34.3,65.96,31.7,34.0,4,0
3.32,17.54,42.65,20.6,29.0,6,0
2.68,17.78,81.1,33.0,34.3,9,0
9.14,82.92,264.46,26.6,36.3,10,0
8.21,64.34,185.05,38.7,46.4,10,0
14.14,74.48,149.31,26.8,36.3,6,0
3.02,14.23,22.62,28.4,24.3,6,0
4.98,22.79,64.66,16.9,30.9,4,0
13.37,76.42,143.07,28.4,34.4,9,0
30.55,128.38,267.02,12.6,41.3,9,0
20.9,116.16,186.62,19.3,45.9,12,0
7.59,70.99,158.16,38.1,32.0,6,0
0.93,3.72,71.16,38.3,22.2,5,0
0.14,43.54,79.19,35.4,26.7,8,0
10.47,100.68,195.5,24.3,37.6,10,0
11.03,44.58,107.54,31.6,30.8,7,0
8.23,41.28,97.42,32.0,29.3,7,0
1.97,27.62,62.61,22.7,33.0,5,0
6.13,23.63,54.65,44.0,27.8,5,0
2.28,25.07,150.29,39.0,30.7,2,0
3.59,66.78,107.35,30.2,27.1,5,0
2.89,58.01,110.37,32.2,29.1,14,0
14.7,109.82,262.14,33.7,44.3,3,0
1.6,21.82,54.1,15.7,22.8,9,0
5.17,35.9,82.1,30.0,22.7,10,0
2.69,39.0,66.17,26.5,28.1,4,0
6.53,35.88,83.41,24.0,26.1,5,0
4.99,14.96,72.35,29.8,22.5,5,0
15.46,75.98,168.96,46.4,39.3,9,0
0.64,10.34,37.26,37.1,28.0,5,0
1.5,5.63,52.53,27.4,24.0,8,0
8.72,23.78,50.55,36.6,34.0,6,0
2.76,77.59,171.14,43.2,48.2,7,0
1.09,11.25,41.65,39.4,26.6,5,0
4.2,27.79,64.96,32.5,24.2,9,0
6.34,100.89,214.38,26.8,42.8,3,0
0.28,16.87,73.5,37.6,21.2,3,0
2.07,9.25,59.84,35.1,21.6,10,0
9.95,46.86,142.12,39.2,25.8,5,0
4.41,21.42,38.84,37.1,20.7,1,0
0.22,3.33,5.37,40.4,15.0,2,0
1.99,53.63,109.01,27.7,34.0,7,0
6.12,31.3,141.02,42.5,30.4,10,0
1.33,32.8,121.64,33.6,33.5,7,0
10.54,57.52,189.45,48.6,42.7,7,0
6.77,29.64,72.45,26.5,33.1,4,0
3.82,31.51,81.58,45.9,26.4,6,0
14.83,60.71,121.8,33.6,33.7,9,0
2.98,21.78,104.43,26.8,32.2,8,0
55.71,166.68,334.79,28.1,59.8,4,1
6.5,23.58,51.6,29.4,29.1,11,0
5.11,42.88,71.82,35.4,33.7,9,0
2.45,9.56,60.28,36.2,17.7,3,0
2.53,24.29,52.2,27.4,21.9,12,0
3.05,42.97,135.5,31.8,38.7,0,0
2.06,20.02,48.09,49.1,27.7,6,0
7.43,80.95,171.04,45.8,36.5,4,0
6.32,50.59,107.9,35.5,28.4,4,0
3.49,89.13,157.81,32.3,39.7,8,0
3.04,19.93,47.87,33.0,15.0,12,0
2.73,81.89,250.48,36.9,49.0,4,0
2.0,29.11,189.17,23.8,39.4,5,0
0.54,36.5,88.71,29.9,26.4,6,0
1.87,65.07,138.95,18.7,36.4,8,0
2.32,28.59,79.52,35.2,26.0,11,0
4.76,61.94,144.93,37.2,34.6,6,0
8.92,55.15,187.36,28.1,38.5,5,0
3.02,33.3,66.09,44.6,30.3,6,0
17.38,83.23,171.57,22.2,38.0,5,0
10.54,47.34,193.69,20.3,29.8,5,0
25.12,109.27,238.1,33.8,36.8,5,1
12.53,132.74,278.03,40.4,42.4,8,1
5.75,54.7,104.73,45.5,32.8,9,0
5.47,49.85,201.37,28.3,42.9,6,0
0.83,29.3,115.8,40.6,39.9,10,0
51.76,152.89,402.18,31.7,55.1,8,1
5.5,22.63,141.31,30.6,40.7,9,0
4.24,19.8,31.73,39.1,15.0,11,0
7.09,30.16,69.38,37.2,27.0,8,0
3.52,40.15,99.18,19.4,31.1,5,0
40.11,221.99,535.3,43.8,74.7,6,1
51.77,213.57,338.42,43.0,52.3,5,1
7.58,34.27,136.25,27.0,34.2,11,0
12.55,44.09,101.75,35.2,24.0,7,0
11.03,41.78,127.97,36.0,37.1,13,0
9.25,40.62,87.48,34.1,30.0,4,0
0.08,7.95,38.84,27.6,25.7,9,0
64.49,264.26,501.47,26.6,68.8,2,1
1.93,65.0,107.5,31.8,29.1,5,0
13.13,46.45,96.05,41.4,32.2,3,0
1.32,43.4,83.66,36.3,36.3,6,0
3.48,34.86,86.17,29.0,21.6,9,0
8.3,39.01,112.06,38.2,24.0,4,0
6.13,58.53,136.01,12.0,34.9,8,0
3.23,35.06,76.96,41.2,26.0,8,0
6.81,24.62,124.63,18.1,33.1,6,0
4.78,19.91,85.37,29.1,28.4,4,0
1.94,40.83,58.41,23.0,29.0,10,0
6.24,33.85,107.3,21.6,29.3,5,0
1.37,18.63,198.44,41.3,33.8,5,0
7.1,31.91,147.67,28.3,30.8,8,0
0.02,4.35,71.6,34.8,26.4,4,0
4.77,57.89,115.06,31.6,25.2,9,0
3.08,52.42,118.33,35.8,31.6,9,0
2.17,29.65,102.11,32.6,30.5,7,0
4.35,26.32,84.69,21.7,26.7,9,0
6.22,90.36,170.15,40.0,38.1,4,1
20.17,111.93,200.42,28.0,32.0,8,0
10.74,70.29,165.65,19.5,31.8,10,0
7.58,29.43,74.39,28.6,21.7,7,0
3.91,32.27,73.07,44.0,31.7,4,0
2.99,60.51,142.58,38.8,45.8,7,0
0.2,10.82,98.12,29.2,25.4,8,0
2.67,43.01,76.65,29.2,26.5,8,0
59.96,177.53,387.4,29.4,55.3,7,1
2.91,16.47,55.72,48.6,26.7,6,0
3.71,46.99,67.6,35.1,23.7,6,0
1.9,10.23,20.47,35.4,23.5,7,0
1.92,38.8,75.62,40.2,30.9,10,0
0.38,118.79,193.26,33.9,33.2,11,0
5.71,103.77,247.09,29.9,46.1,4,0
61.7,286.61,600.0,30.4,71.0,8,1
5.59,36.89,144.04,31.4,33.1,7,0
4.75,42.66,116.87,31.7,30.1,9,0
9.62,70.78,150.29,37.8,33.9,7,0
46.19,192.98,383.1,32.4,56.7,3,1
8.86,37.52,94.0,37.9,26.9,8,0
4.15,38.41,115.63,31.4,30.2,5,0
2.62,7.91,31.33,32.6,24.3,7,0
16.26,128.27,326.99,16.0,54.0,8,0
0.33,18.16,67.93,39.3,27.4,5,0
0.99,10.96,80.97,34.8,25.2,4,0
3.26,24.01,70.12,40.0,32.4,5,0
5.71,68.34,106.7,12.0,38.3,7,0
0.05,65.7,174.58,48.7,31.0,10,0
7.62,33.46,61.38,30.9,27.0,9,0
4.91,58.3,127.99,40.9,30.5,2,0
3.98,35.56,93.69,23.7,34.0,1,0
3.3,34.41,67.95,36.9,26.7,4,0
4.4,56.3,96.77,23.6,29.9,6,0
1.06,9.44,32.07,27.0,25.7,7,0
0.69,21.27,36.72,47.3,22.2,10,0
2.05,17.29,91.86,30.5,37.6,8,0
7.42,34.6,85.02,33.7,31.1,5,0
5.32,16.26,39.5,39.0,28.6,4,0
3.92,15.15,45.88,36.0,23.5,12,0
5.09,38.95,107.21,33.2,30.1,3,0
4.92,18.3,26.04,34.9,26.7,9,0
2.2,27.85,70.81,51.2,30.6,6,0
0.62,24.45,76.56,31.5,21.4,5,0
13.63,116.76,272.28,33.6,47.9,10,1
5.5,45.36,122.64,40.4,34.6,3,0
7.18,127.41,233.77,40.8,42.7,11,1
3.74,16.61,48.77,41.5,26.8,7,0
8.48,62.35,123.79,37.1,31.9,3,0
5.27,16.15,26.64,22.9,15.0,10,0
0.33,33.75,134.96,45.1,26.9,3,0
13.25,66.24,141.1,22.8,39.0,9,0
2.19,32.33,44.36,34.4,23.2,12,0
0.89,12.51,22.04,26.0,23.2,8,0
0.55,5.87,48.2,31.5,24.8,5,0
7.65,63.54,130.04,34.6,28.9,4,0
7.3,81.5,155.87,34.6,33.3,7,0
7.23,34.29,135.44,35.4,35.2,8,0
14.84,119.7,178.46,44.9,40.0,9,1
2.57,11.57,30.61,35.6,34.0,6,0
4.94,47.72,89.06,30.0,26.5,3,0
5.8,96.14,302.83,39.7,58.6,7,1
23.32,73.57,168.88,41.5,32.6,10,0
2.25,20.6,79.76,22.2,30.4,9,0
18.79,80.44,137.46,36.8,34.6,6,0
0.97,15.87,47.67,37.6,24.1,10,0
8.66,66.79,163.35,29.6,36.3,7,0
6.01,49.81,92.97,43.0,26.2,4,0
10.19,128.66,262.32,30.8,50.8,7,0
0.17,5.88,77.02,33.0,23.5,5,0
0.49,21.04,39.74,30.6,25.6,5,0
0.43,16.5,56.61,32.1,29.4,8,0
5.39,77.12,179.56,23.2,44.9,7,0
5.54,15.45,61.86,20.5,31.0,8,0
14.19,167.2,325.91,44.8,55.5,11,1
3.78,29.47,69.02,25.2,23.7,8,0
0.42,26.26,77.83,24.1,23.9,4,0
1.41,15.89,162.29,14.8,30.5,8,0
0.05,47.99,233.29,26.9,37.2,6,0
9.0,58.82,101.22,21.4,30.1,14,0
10.14,54.22,120.56,45.1,28.4,6,0
37.11,132.97,222.79,40.1,48.3,11,1
3.19,21.05,53.8,26.5,22.5,3,0
0.12,2.5,53.76,50.0,25.8,4,0
1.61,46.57,86.91,39.9,27.4,7,0
5.32,27.18,66.71,29.4,19.7,6,0
19.61,126.47,210.73,12.0,46.5,3,0
0.66,25.93,61.45,50.3,29.6,11,0
0.78,14.17,67.7,20.9,30.8,3,0
7.26,47.76,85.71,18.8,31.5,6,0
6.6,55.26,143.01,40.2,30.5,4,0
1.73,37.75,77.06,51.5,24.0,6,0
10.06,76.44,139.31,43.1,36.2,4,0
0.83,7.05,119.47,36.5,39.7,9,0
15.6,140.13,274.03,36.8,49.3,10,1
27.73,120.53,320.32,38.8,56.9,3,1
57.3,263.72,525.42,38.1,69.9,4,1
2.49,16.22,121.74,34.2,37.7,11,0
1.25,5.26,21.31,32.8,20.0,9,0
4.49,33.95,58.87,31.5,27.1,5,0
6.97,31.68,99.35,26.0,28.1,12,0
4.05,118.76,274.32,29.8,51.9,9,0
6.48,19.2,66.66,18.5,31.2,7,0
2.72,10.4,50.98,31.2,17.7,6,0
0.17,1.83,88.96,24.1,35.5,9,0
52.53,154.69,268.71,23.2,58.8,8,1
10.27,48.64,104.69,33.4,28.7,4,0
49.86,225.64,419.81,43.1,61.3,4,1
3.58,24.13,55.11,39.3,31.7,7,0
6.05,19.58,59.06,19.4,26.2,5,0
1.27,11.87,85.78,24.1,28.6,7,0
5.18,24.84,100.26,39.5,39.5,1,0
4.58,48.73,225.03,24.1,35.7,3,0
1.4,42.4,67.68,30.2,22.8,6,0
56.48,196.31,310.75,36.4,53.2,5,1
8.54,122.48,214.61,24.3,33.4,9,0
2.34,62.13,137.65,32.8,31.9,3,0
37.53,152.87,266.25,21.3,44.7,12,1
8.03,47.68,80.34,27.2,32.8,2,0
62.06,218.96,489.81,34.6,72.4,10,1
1.94,28.73,52.61,19.3,16.8,4,0
48.98,147.0,305.98,35.5,47.1,11,1
6.99,38.68,166.17,31.8,33.2,4,0
2.55,130.89,317.76,36.4,50.7,8,1
3.35,59.95,186.86,33.8,33.2,9,0
7.78,31.0,120.79,42.9,34.3,4,0
1.43,80.41,170.13,33.0,33.5,5,0
3.8,110.29,226.67,28.6,45.6,7,0
6.36,34.6,114.88,33.0,31.5,9,0
4.65,74.57,161.16,36.3,31.3,9,0
5.62,74.33,188.96,32.4,45.8,1,0
4.74,15.92,46.37,32.3,31.7,6,0
1.33,32.18,52.37,26.4,26.7,11,0
3.17,17.59,67.69,26.7,25.6,8,0
4.56,48.55,104.94,20.8,25.2,6,0
61.89,309.38,600.0,46.0,85.4,9,1
6.37,41.1,66.92,22.0,30.8,6,0
3.34,25.64,59.44,26.5,21.9,8,0
21.99,140.78,225.95,26.3,39.2,6,0
0.68,93.42,298.62,39.2,52.1,9,1
1.39,5.71,69.83,29.6,21.1,8,0
2.51,73.07,169.42,42.0,33.8,6,0
1.56,6.27,20.4,26.6,16.8,4,0
5.89,25.89,67.47,34.2,21.7,5,0
0.24,36.82,92.83,25.3,25.7,4,0
1.17,42.6,101.28,49.2,34.7,7,0
2.08,41.37,87.11,22.5,19.9,4,0
6.9,18.4,68.27,34.5,29.0,13,0
12.52,37.55,96.54,37.1,30.9,13,0
9.61,104.04,170.15,35.3,41.9,10,1
1.21,7.19,9.84,30.5,22.3,3,0
32.44,145.09,225.04,31.0,40.6,9,0
0.18,45.92,149.32,32.4,30.9,5,0
2.23,34.23,87.49,30.8,33.7,5,0
57.77,178.43,354.83,39.7,58.0,9,1
3.66,14.21,67.05,49.7,24.2,7,0
0.97,56.42,183.04,27.5,42.8,4,0
3.46,124.62,266.47,21.0,44.4,10,0
1.32,4.69,19.77,31.3,22.0,6,0
51.7,225.87,475.95,52.6,64.6,9,1
4.01,23.33,136.12,25.6,36.3,9,0
2.58,51.51,128.48,45.1,27.9,8,0
58.78,264.17,575.23,45.4,76.0,6,1
4.96,48.93,103.1,27.6,27.0,6,0
11.1,67.24,152.6,36.6,36.6,5,0
8.58,56.42,97.02,45.0,31.6,9,0
6.49,67.59,143.02,29.0,28.8,5,0
4.12,29.33,60.24,30.4,28.1,2,0
0.01,46.74,98.66,27.3,22.5,7,0
5.7,34.39,64.6,23.9,37.4,5,0
2.64,14.06,31.88,26.8,20.6,7,0
0.75,18.47,55.8,22.2,30.8,5,0
3.53,27.54,57.99,32.3,26.8,6,0
57.03,237.36,371.43,25.8,58.4,5,1
19.57,128.94,309.78,33.9,45.1,11,1
2.81,31.56,55.52,19.6,29.8,8,0
4.69,67.21,150.9,34.6,35.3,6,0
11.43,60.08,177.98,38.7,40.1,10,0
2.44,13.34,39.88,16.1,23.5,2,0
0.92,5.83,33.65,35.0,24.0,12,0
1.99,56.99,116.77,41.8,27.2,6,0
13.76,43.18,87.47,22.3,28.0,5,0
1.04,7.38,18.15,45.4,19.7,10,0
2.4,9.42,22.34,35.4,18.7,4,0
3.75,28.65,69.13,26.4,27.6,6,0
11.27,47.55,153.59,31.6,37.2,8,0
16.66,42.64,85.75,36.5,29.8,9,0
3.33,26.64,150.18,32.6,34.5,8,0
16.13,59.9,172.37,36.3,39.3,5,0
1.06,40.57,97.29,24.6,30.9,4,0
1.02,48.1,150.41,33.4,35.5,6,0
17.89,108.86,194.05,20.7,40.2,12,0
4.28,29.76,92.46,31.1,35.2,5,0
1.23,9.31,119.3,24.8,25.9,13,0
4.02,58.56,108.18,26.1,29.2,7,0
9.17,49.86,81.49,41.9,29.8,3,0
10.52,52.04,96.36,40.7,21.7,6,0
11.97,110.77,233.09,36.9,50.2,6,1
62.37,264.24,535.51,23.3,74.8,3,1
62.79,231.02,333.19,29.5,58.1,10,1
4.28,170.15,337.15,41.7,59.3,6,1
5.6,74.42,164.83,33.1,38.5,6,0
8.53,55.37,170.67,50.6,25.9,10,0
3.32,21.29,33.51,35.1,24.1,8,0
0.46,78.04,168.27,33.5,37.9,7,0
61.23,272.06,400.99,29.5,54.7,5,1
5.87,23.85,104.71,33.1,21.5,8,0
1.28,21.62,99.94,30.8,32.3,7,0
0.96,4.31,18.03,37.7,15.6,12,0
2.08,85.94,169.04,39.7,47.2,4,0
0.2,21.76,102.03,25.7,31.5,3,0
8.16,28.26,80.56,21.4,34.8,8,0
1.8,14.3,27.64,17.3,22.9,4,0
0.8,101.95,223.55,36.1,46.1,12,1
7.21,45.63,168.15,23.2,37.1,6,0
11.11,51.9,105.25,14.8,35.6,13,0
0.12,17.63,39.22,35.1,15.0,2,0
1.6,6.84,24.88,51.9,26.9,5,0
17.43,66.71,182.48,32.0,41.6,3,0
2.92,30.89,68.08,38.7,26.0,9,0
16.74,83.03,182.97,32.7,36.3,11,0
1.92,18.95,86.72,31.2,27.2,4,0
1.48,27.07,71.86,39.4,28.6,7,0
1.45,5.89,17.25,29.7,27.8,2,0
0.53,73.88,276.54,34.1,45.0,8,0
54.31,247.33,410.27,34.6,52.5,3,1
23.42,96.59,167.42,26.7,49.2,4,0
18.54,55.33,294.4,39.9,52.8,4,0
11.46,42.69,129.49,30.6,31.0,15,0
11.26,53.84,137.53,26.0,39.7,6,0
6.49,35.42,74.42,36.3,32.1,8,0
10.5,77.32,124.61,24.8,34.9,4,0
44.89,164.7,312.31,32.2,48.8,14,1
2.95,22.31,98.91,31.9,33.2,8,0
6.14,83.22,152.55,40.7,40.7,6,0
12.47,41.1,116.08,35.8,23.0,9,0
6.48,58.32,140.49,31.8,35.2,5,0
10.96,51.28,77.59,38.5,29.3,7,0
3.85,19.56,64.0,43.1,27.7,6,0
7.58,45.38,101.09,36.5,30.3,8,0
23.47,94.51,214.79,32.1,47.4,3,0
1.0,61.61,102.05,21.5,29.1,7,0
49.93,147.78,271.34,23.5,47.1,8,0
4.43,42.03,89.42,29.6,30.5,9,0
6.18,45.0,72.03,27.1,26.3,4,0
12.62,45.39,89.39,30.5,22.0,13,0
3.16,47.18,140.58,32.5,35.1,5,0
3.25,26.46,44.98,36.2,25.6,6,0
4.49,51.01,108.96,31.4,29.1,4,0
0.12,44.34,83.54,35.9,27.7,1,0
4.12,21.96,78.69,32.5,15.0,9,0
2.06,22.12,53.35,16.2,31.4,6,0
15.78,77.81,147.5,24.5,39.3,11,0
0.55,7.47,21.48,30.8,15.5,8,0
3.69,9.26,26.73,22.3,19.3,6,0
17.68,144.69,270.88,36.8,54.3,10,1
13.88,66.42,179.04,44.2,32.1,5,0
7.25,29.71,48.87,41.8,27.3,5,0
5.34,23.65,70.59,30.3,24.6,5,0
1.98,17.07,38.79,43.9,25.9,5,0
2.74,12.37,24.97,33.2,22.7,7,0
0.57,13.18,53.18,29.3,23.9,3,0
9.25,37.93,63.54,27.1,28.3,8,0
2.35,7.93,51.98,29.6,22.7,5,0
6.61,46.68,200.92,28.9,31.2,8,0
62.15,314.2,482.53,33.4,63.6,4,1
3.75,25.65,65.32,33.3,21.3,6,0
4.86,66.37,186.64,32.0,30.6,19,0
9.71,25.85,60.28,35.5,27.9,5,0
1.42,43.43,100.05,41.5,29.1,6,0
3.05,10.09,19.53,39.6,23.7,6,0
0.84,47.96,129.21,20.1,35.5,3,0
0.47,55.14,145.56,12.0,38.3,3,0
5.57,56.87,163.18,39.5,38.4,7,0
1.26,47.34,105.57,21.1,25.7,10,0
0.37,22.23,94.2,30.2,32.3,7,0
13.64,59.74,102.95,22.6,31.4,9,0
4.59,39.89,194.64,17.6,50.4,11,0
0.87,16.94,32.21,36.3,23.3,7,0
0.33,1.23,6.34,38.1,22.5,6,0
0.77,18.8,137.97,27.4,33.3,9,0
3.82,40.49,144.6,12.0,34.7,2,0
6.62,20.43,82.85,27.6,28.2,3,0
6.15,49.1,94.07,35.1,27.2,6,0
0.94,28.95,105.28,20.2,31.4,8,0
6.02,26.11,67.05,33.5,29.8,9,0
3.11,25.77,80.18,31.9,25.9,10,0
3.75,94.26,260.84,36.6,50.3,8,1
9.7,94.17,180.33,33.0,41.6,7,1
2.43,22.27,59.12,24.2,21.5,7,0
0.95,14.38,69.55,41.6,22.1,7,0
12.4,46.67,120.09,30.7,34.2,4,0
28.36,123.39,175.85,31.8,34.6,10,0
2.09,16.95,36.45,24.5,18.4,7,0
7.36,94.46,231.08,28.5,51.7,6,0
6.9,100.17,156.74,24.9,30.8,12,0
9.67,67.4,105.83,30.6,23.0,8,0
1.22,14.25,40.43,45.7,20.1,11,0
2.61,15.56,35.21,21.0,24.7,7,0
0.81,25.3,45.61,19.1,24.9,8,0
4.67,46.08,88.67,43.8,38.3,13,0
2.08,19.72,117.61,30.3,27.9,11,0
7.01,52.89,71.74,26.6,28.4,7,0
37.55,200.35,449.61,40.3,70.6,4,1
0.37,39.19,108.16,27.2,27.5,5,0
3.4,29.98,78.13,46.6,31.3,10,0
19.05,121.84,176.37,37.4,28.5,6,1
13.29,59.11,174.2,28.1,46.2,7,0
30.71,157.23,340.77,49.3,59.1,5,1
3.24,20.35,34.91,27.2,20.1,7,0
0.29,8.97,33.51,37.9,27.5,11,0
2.19,8.84,22.04,34.4,28.8,8,0
6.76,32.11,61.26,42.4,19.7,6,0
0.87,124.62,271.53,44.5,44.2,7,1
2.14,21.02,57.83,32.3,32.5,6,0
0.35,66.74,174.43,26.0,37.8,9,0
3.87,18.54,130.02,35.7,35.2,9,0
36.83,148.63,276.06,26.6,48.0,7,1
0.57,22.07,49.3,48.1,29.4,9,0
3.18,23.27,90.89,33.1,31.7,9,0
2.6,35.35,86.58,29.1,29.2,4,0
4.63,30.94,86.86,33.5,18.2,1,0
8.29,67.54,205.49,21.2,43.7,7,0
0.72,16.14,111.71,24.2,34.8,9,0
9.4,56.44,122.92,41.6,26.1,9,0
0.16,10.27,23.91,26.7,16.5,12,0
3.51,41.59,107.97,23.6,33.4,5,0
5.31,43.01,108.7,36.3,31.8,7,0
18.88,72.96,160.9,41.5,26.2,7,0
5.12,25.89,50.82,37.8,21.0,7,0
1.04,28.42,80.64,40.0,29.6,4,0
4.37,89.3,183.36,25.9,41.7,2,0
3.02,16.26,35.91,20.6,20.7,5,0
3.92,53.88,193.81,44.0,38.6,3,0
1.32,24.26,115.94,29.4,27.2,9,0
4.17,30.77,108.0,30.0,37.4,9,0
0.98,85.39,164.75,42.6,37.3,9,0
46.7,179.42,345.15,36.4,51.2,5,1
5.41,65.92,132.22,35.6,27.4,7,0
0.49,19.69,66.56,49.3,20.3,11,0
13.22,43.11,109.76,26.9,40.0,7,0
5.75,46.01,84.85,39.4,27.6,9,0
2.28,73.56,185.43,32.5,36.5,11,0
0.28,46.85,155.28,34.1,34.5,6,0
6.0,23.71,52.82,44.2,22.1,5,0
59.93,270.73,464.75,36.1,65.9,8,1
14.29,72.71,164.87,36.3,36.7,6,0
0.21,21.77,70.55,40.6,27.1,6,0
0.24,6.05,12.25,29.1,15.0,8,0
55.77,176.35,422.23,25.3,66.7,7,1
20.09,109.66,145.22,23.6,31.8,8,0
0.17,33.44,140.86,16.3,30.8,3,0
7.55,68.72,102.11,48.4,26.7,3,0
1.5,73.92,161.9,23.2,30.9,6,0
7.25,28.93,107.42,30.2,32.1,4,0
12.18,84.6,221.82,29.8,46.7,6,0
0.64,30.25,182.74,34.5,34.7,7,0
1.64,83.65,140.54,38.5,24.8,5,0
0.15,8.56,38.5,38.9,18.7,6,0
0.27,8.91,18.61,27.3,19.6,6,0
0.18,30.94,61.51,30.7,20.0,7,0
9.68,99.47,199.56,34.3,37.0,8,1
2.13,51.03,108.97,30.0,28.1,5,0
4.08,50.26,164.73,44.9,36.4,12,0
9.3,43.34,70.17,35.9,19.7,9,0
4.1,45.53,107.6,37.9,33.7,6,0
3.36,49.54,136.57,37.3,42.0,6,0
0.07,35.25,58.21,41.4,33.0,6,0
5.04,42.95,305.66,33.4,47.6,3,0
0.8,3.33,19.3,21.6,25.3,7,0
65.77,322.53,573.02,35.2,80.1,8,1
1.79,21.7,143.43,26.8,34.1,7,0
6.73,100.19,275.56,27.8,48.4,7,0
6.23,47.67,132.06,36.7,36.6,6,0
5.75,47.26,99.79,41.9,34.4,5,0
1.86,133.03,205.52,32.2,36.5,8,1
1.86,7.51,41.19,34.5,27.9,9,0
11.93,40.06,92.37,45.6,37.6,7,0
0.08,26.88,110.21,33.9,35.4,10,0
41.02,166.11,265.95,52.8,54.3,1,1
5.65,31.4,71.1,36.5,15.0,12,0
65.11,304.87,567.07,17.9,79.7,14,1
2.66,31.0,51.97,38.0,26.5,6,0
6.36,29.01,86.53,35.0,33.8,7,0
4.89,26.87,50.44,42.3,19.4,3,0
0.4,3.71,43.09,37.4,21.8,9,0
5.83,40.55,112.12,30.9,35.7,8,0
10.09,45.93,90.83,22.2,23.8,5,0
29.32,145.82,342.06,30.3,55.4,3,0
0.18,22.14,76.25,25.2,27.5,4,0
6.47,28.71,67.87,27.4,25.8,9,0
3.21,17.67,132.05,36.7,36.1,3,0
0.06,24.16,53.97,45.4,19.8,3,0
5.72,32.82,85.92,35.2,24.7,6,0
0.78,21.13,105.88,22.4,29.9,5,0
2.85,70.53,112.73,35.6,25.3,9,0
45.08,163.86,337.36,41.6,59.9,10,1
2.69,18.36,74.42,27.1,23.4,9,0
4.07,60.42,126.52,30.9,36.6,8,0
2.67,18.25,35.5,32.1,19.2,11,0
4.83,21.81,55.12,25.7,29.0,4,0
1.64,9.18,28.29,37.2,15.0,8,0
6.05,92.24,181.44,31.0,45.2,8,0
11.54,104.5,213.18,35.4,47.0,12,1
1.52,12.22,61.56,24.9,23.4,6,0
4.25,33.51,95.72,28.5,25.4,9,0
6.28,19.9,41.51,37.8,26.4,8,0
4.99,42.28,98.51,29.0,22.2,4,0
2.73,13.37,34.23,45.8,23.6,11,0
42.06,121.25,254.3,28.8,41.4,3,0
0.17,44.06,128.57,33.8,31.6,4,0
2.77,21.03,64.46,39.5,23.2,7,0
4.56,18.04,35.21,20.7,19.5,8,0
0.12,45.29,169.97,17.9,45.5,7,0
4.25,54.78,120.37,19.8,35.9,4,0
6.37,50.41,72.37,42.1,19.8,10,0
8.54,97.76,213.84,27.6,37.0,5,0
0.72,19.03,57.89,52.5,30.1,11,0
27.98,95.79,168.49,27.5,41.7,4,0
5.59,19.99,104.25,33.5,23.5,4,0
2.71,19.31,60.49,44.3,29.5,7,0
1.72,8.58,100.28,48.0,31.4,11,0
45.83,156.49,227.38,48.5,33.0,11,1
12.81,52.71,133.38,41.7,31.3,10,0
4.41,30.07,131.95,40.2,32.5,4,0
6.5,21.25,56.22,36.7,25.9,9,0
2.66,21.26,42.02,38.2,17.6,4,0
2.95,40.17,96.92,27.6,25.9,6,0
2.02,16.88,136.61,25.5,30.5,7,0
7.34,29.34,96.89,32.0,27.0,11,0
2.67,128.07,240.35,30.6,41.4,5,0
1.27,37.37,108.81,28.4,30.2,6,0
2.77,25.37,55.32,37.6,27.1,8,0
11.54,72.14,167.06,39.6,45.6,5,0
8.04,50.09,96.68,32.7,34.0,4,0
2.44,11.34,35.2,43.8,30.1,6,0
14.24,56.17,179.9,22.9,35.6,5,0
0.47,28.19,94.62,30.5,24.4,8,0
0.31,12.58,212.96,26.3,45.3,10,0
0.82,3.52,13.27,17.1,21.2,4,0
0.74,10.78,33.15,31.3,27.0,6,0
0.55,5.45,67.45,31.0,22.3,4,0
6.5,79.94,134.09,44.1,36.7,6,0
5.51,24.53,47.26,37.0,23.9,8,0
6.26,31.47,79.2,23.8,25.6,7,0
7.0,46.21,83.22,46.8,26.5,7,0
8.49,47.96,200.38,41.8,42.5,6,0
1.39,26.0,64.41,36.7,30.3,6,0
5.84,36.28,126.73,30.2,30.8,7,0
5.21,30.77,128.26,24.3,34.5,5,0
17.26,89.83,198.09,29.0,41.5,4,0
1.59,12.9,68.95,40.7,30.6,12,0
0.36,14.12,33.9,47.1,28.3,5,0
6.36,105.08,157.05,44.3,44.8,6,0
8.09,37.95,143.16,28.1,32.0,4,0
2.0,15.53,41.48,23.0,31.4,9,0
5.08,25.4,58.91,33.1,26.5,5,0
40.22,132.22,210.91,17.9,35.6,1,0
19.32,60.05,87.44,34.6,25.5,4,0
0.7,3.49,25.32,30.8,24.9,6,0
0.42,5.38,28.78,28.3,26.5,7,0
0.27,12.15,42.81,19.2,19.2,4,0
3.34,10.87,109.31,36.1,27.1,4,0
0.61,37.22,76.75,27.7,25.0,8,0
8.19,66.09,134.35,22.6,29.1,6,0
13.75,67.02,153.93,12.0,26.0,5,0
1.81,110.82,260.27,31.8,34.9,4,0
5.95,54.21,137.29,46.2,31.8,7,0
0.26,34.73,179.67,45.3,39.2,8,0
2.93,16.7,68.29,28.3,30.1,6,0
2.08,53.41,77.54,27.2,20.9,11,0
1.56,79.39,178.22,35.8,31.1,12,0
6.21,26.88,72.55,24.0,24.6,10,0
0.84,31.6,101.73,34.4,30.2,5,0
11.83,68.0,144.46,38.1,39.5,5,0
6.56,28.98,80.26,41.8,31.6,6,0
41.54,161.65,358.99,31.2,54.1,13,1
16.43,71.18,172.63,30.4,39.1,10,0
17.12,57.29,124.03,25.0,28.2,5,0
4.81,15.14,75.8,25.4,28.0,13,0
4.1,33.03,62.94,30.2,26.0,4,0
2.45,31.16,51.86,34.9,32.2,4,0
7.54,94.8,154.13,39.3,37.9,7,0
4.64,39.21,63.03,25.6,22.4,8,0
51.34,167.59,410.03,43.9,57.2,14,1
1.64,6.43,22.2,29.8,20.6,5,0
2.23,63.67,153.86,31.8,27.6,3,0
2.28,22.0,77.89,26.0,26.6,10,0
9.84,69.84,189.71,12.6,38.3,10,0
0.63,3.08,32.32,39.1,25.6,7,0
3.65,29.58,69.85,37.9,30.0,11,0
3.35,18.24,47.35,29.7,25.2,5,0
0.46,2.11,90.49,32.5,20.9,10,0
34.7,188.13,283.95,36.1,42.3,12,1
4.32,28.93,46.42,19.5,21.6,7,0
0.4,11.46,41.3,27.8,27.4,10,0
4.28,58.43,116.59,38.4,34.8,8,0
19.2,94.99,175.28,22.0,36.3,10,0
23.15,80.09,365.16,34.3,68.3,5,0
4.55,85.76,203.41,21.1,48.1,5,0
4.34,23.45,107.81,35.7,37.0,8,0
2.02,50.49,118.54,31.7,35.4,6,0
35.09,148.02,264.91,19.1,48.8,3,0
1.92,12.34,68.88,41.3,28.8,5,0
3.62,26.22,95.71,26.1,20.5,14,0
0.02,1.07,30.1,25.5,17.8,8,0
2.58,19.13,116.16,33.6,30.5,4,0
0.44,34.37,180.09,41.2,38.6,6,0
8.17,38.72,83.28,23.9,27.7,10,0
4.94,23.18,48.56,32.5,26.2,5,0
5.09,37.18,95.12,35.4,19.0,11,0
2.03,26.85,215.74,37.5,44.1,2,0
10.12,66.94,132.64,33.4,33.6,11,0
0.02,35.65,88.87,29.1,27.9,6,0
2.44,37.7,91.91,25.4,33.8,4,0
6.46,70.8,111.65,32.7,25.9,8,0
14.31,43.96,113.94,23.4,30.2,5,0
1.6,26.04,50.83,12.0,26.5,6,0
4.67,26.64,113.58,35.5,27.1,5,0
4.63,98.35,233.63,39.2,33.3,6,0
12.44,57.7,152.28,13.1,29.5,3,0
0.31,81.52,162.86,23.9,36.0,6,0
3.31,48.07,88.85,37.0,27.6,11,0
1.21,36.9,129.06,48.5,32.8,11,0
0.13,17.34,53.65,32.2,22.1,10,0
0.95,18.03,41.61,26.2,17.6,8,0
22.5,75.08,125.34,30.5,33.2,9,0
1.45,13.22,52.19,43.0,24.4,7,0
16.4,128.15,257.43,26.8,48.9,5,0
1.38,43.9,117.63,25.6,28.0,6,0
16.07,88.72,211.99,28.1,31.1,5,0
6.38,37.07,87.66,24.4,15.7,7,0
0.72,3.76,87.98,33.0,26.8,4,0
5.23,47.37,95.39,45.0,30.2,4,0
2.3,18.88,50.6,34.6,23.9,8,0
2.9,60.56,129.65,30.0,30.1,7,0
40.24,202.18,403.26,29.7,52.4,9,1
3.3,16.53,125.08,19.5,23.1,8,0
6.55,45.22,96.97,39.1,31.5,6,0
8.78,61.53,121.53,31.4,31.0,8,0
2.4,30.65,71.68,30.6,25.3,8,0
15.49,79.87,217.63,57.5,34.1,1,0
16.73,54.49,123.26,34.4,27.5,12,0
0.25,7.5,84.63,26.0,28.7,7,0
0.09,36.81,80.07,28.6,29.4,6,0
3.32,10.02,43.63,41.2,23.5,7,0
5.36,51.26,113.69,32.9,38.3,11,0
1.95,24.27,117.9,20.5,28.9,5,0
1.8,76.23,135.31,39.4,40.0,5,0
6.81,172.51,382.95,26.7,59.4,9,1
52.38,193.96,373.35,47.0,57.9,6,1
1.1,17.37,26.88,40.6,27.4,10,0
12.95,67.65,121.88,28.4,29.1,2,0
6.84,27.65,75.58,42.2,25.9,5,0
41.23,144.13,308.08,32.5,44.7,3,1
6.9,39.76,83.36,38.8,33.0,9,0
50.65,228.04,369.26,35.9,58.6,7,1
3.79,19.76,52.11,25.2,30.7,6,0
1.11,17.34,38.79,26.9,24.9,10,0
0.25,21.08,81.92,40.2,33.7,4,0
2.48,68.95,301.58,29.3,46.4,11,0
0.98,7.3,68.11,28.8,31.7,6,0
6.02,26.9,124.15,24.4,30.4,5,0
6.73,79.73,235.85,35.4,43.6,8,0
0.97,4.62,63.87,48.5,30.0,10,0
0.15,27.32,192.0,23.5,50.8,10,0
9.44,63.66,141.24,32.2,38.2,6,0
0.01,12.14,56.35,43.3,30.2,13,0
2.53,22.81,76.27,31.4,24.9,6,0
4.09,60.32,210.69,35.6,41.9,8,0
10.24,41.16,120.76,23.5,31.6,4,0
10.94,39.1,105.66,35.4,37.6,13,0
7.74,37.85,60.89,30.5,25.4,2,0
1.7,18.81,124.05,39.9,39.0,6,0
7.64,44.86,111.45,41.5,24.6,3,0
61.24,248.82,479.87,52.7,75.0,6,1
1.45,68.64,157.64,36.6,31.5,12,0
42.95,134.4,248.23,34.6,49.1,8,1
6.82,27.8,58.33,33.6,21.5,7,0
41.52,118.63,264.09,29.2,49.5,6,0
0.37,67.23,98.9,34.7,25.1,6,0
9.2,48.83,89.46,29.6,34.1,10,0
11.78,47.42,99.81,33.3,34.2,5,0
36.31,147.3,320.73,42.5,49.1,9,1
3.36,31.41,67.32,23.9,29.6,6,0
11.2,37.33,111.06,41.1,35.8,7,0
7.83,49.34,133.54,42.5,28.7,6,0
5.2,43.51,88.34,31.1,23.7,5,0
2.31,38.42,101.23,15.0,24.8,6,0
40.05,194.84,420.3,27.1,56.0,6,1
3.25,13.39,62.56,42.4,20.9,8,0
2.03,15.31,29.29,31.8,27.6,14,0
52.93,200.04,405.46,24.0,63.3,8,1
4.35,70.6,129.58,28.0,24.5,4,0
1.11,4.37,31.99,38.7,20.6,6,0
42.45,139.63,227.96,36.4,37.0,9,1
0.94,28.2,88.91,30.1,33.2,12,0
3.94,36.2,70.82,29.1,24.8,6,0
39.59,130.19,296.19,28.9,41.9,12,0
3.98,31.8,52.1,24.6,26.1,7,0
2.69,101.55,149.87,44.9,38.0,7,1
3.86,40.03,116.71,29.4,26.9,3,0
11.33,61.65,117.19,41.7,30.4,6,0
27.9,133.08,250.87,44.2,40.6,11,1
5.98,30.66,83.41,40.0,34.6,8,0
9.46,45.83,76.95,28.5,25.5,11,0
38.26,122.15,169.36,35.2,33.3,6,1
12.74,70.97,226.51,31.8,42.4,12,0
18.48,129.89,311.52,24.8,50.1,5,1
5.14,27.69,58.54,34.6,29.3,8,0
8.41,38.25,120.06,22.6,38.1,15,0
4.31,77.64,170.06,41.5,43.1,10,0
2.02,11.2,31.32,28.3,21.2,12,0
11.47,60.57,124.94,33.6,34.0,1,0
5.45,35.65,89.34,34.3,36.4,3,0
5.2,111.32,198.96,29.9,47.5,10,0
6.46,37.95,67.44,36.7,22.4,5,0
11.63,50.82,132.18,28.2,36.2,6,0
7.9,52.5,90.1,39.0,31.1,9,0
1.42,93.13,159.18,21.2,40.6,7,0
3.77,56.75,112.95,33.0,37.5,6,0
23.56,102.34,184.33,47.5,33.2,9,1
4.85,56.08,87.97,24.0,25.3,6,0
70.36,301.86,457.18,26.6,70.3,6,1
10.07,70.18,128.32,36.1,33.6,5,0
6.58,52.63,159.01,33.4,24.8,11,0
2.58,23.77,46.2,34.8,16.3,9,0
2.18,32.77,99.3,35.9,33.2,8,0
6.19,53.96,98.99,37.1,34.1,13,0
3.4,14.72,72.73,40.9,20.5,3,0
9.62,38.2,139.75,35.3,39.5,2,0
8.57,38.82,70.31,30.1,26.0,11,0
49.07,181.0,345.28,37.4,49.4,2,1
7.28,60.77,138.19,47.2,31.0,9,0
4.09,31.59,57.77,30.9,19.7,3,0
2.34,50.98,159.66,24.2,32.9,5,0
3.2,39.8,91.62,40.9,19.8,9,0
13.54,114.34,159.16,31.0,35.5,7,0
2.67,12.61,28.79,14.6,25.8,10,0
2.03,26.79,64.85,38.8,19.7,9,0
2.6,38.49,154.56,27.7,35.5,13,0
1.45,9.68,28.08,31.3,18.8,9,0
4.72,30.34,77.92,34.7,31.1,5,0
59.47,193.02,404.0,33.5,48.8,8,1
10.2,79.77,184.86,37.7,42.0,4,0
1.53,21.03,58.69,28.5,16.8,6,0
5.47,38.97,107.36,36.1,29.7,9,0
0.8,16.3,38.66,29.9,20.3,4,0
23.03,96.08,198.38,37.9,38.0,6,1
60.3,279.06,600.0,36.9,72.4,5,1
10.36,55.27,99.3,24.5,38.2,5,0
8.78,43.56,226.64,40.7,36.2,7,0
7.5,27.17,97.46,27.7,23.7,9,0
10.54,42.05,121.66,38.5,41.1,7,0
0.64,61.24,137.51,34.9,35.4,9,0
6.81,160.01,317.02,46.7,45.4,8,1
1.85,17.84,71.88,30.2,26.5,12,0
9.25,29.73,42.13,29.2,23.0,14,0
18.86,75.04,161.64,31.8,27.7,11,0
13.91,55.76,104.56,29.6,26.7,10,0
0.73,28.15,148.97,38.4,34.8,12,0
2.77,28.33,96.46,19.1,36.0,4,0
2.72,43.7,99.39,23.6,29.0,6,0
31.07,148.08,315.08,23.5,50.9,7,1
0.62,9.8,20.51,39.6,18.0,7,0
29.41,165.21,388.75,45.7,64.4,5,1
29.02,162.87,244.68,31.2,49.0,8,0
5.05,38.28,70.04,30.6,31.0,9,0
5.83,87.25,259.41,32.6,46.5,6,0
42.79,157.26,421.09,41.3,54.1,6,1
49.79,158.74,380.73,24.6,63.5,8,1
18.83,130.29,237.17,33.9,44.0,5,1
5.33,45.33,113.92,39.8,29.8,11,0
0.4,19.47,138.44,36.0,36.1,7,0
4.07,22.06,75.92,33.5,28.7,7,0
29.56,160.95,265.41,40.0,41.2,7,1
2.94,11.91,81.71,12.0,26.6,8,0
5.41,36.17,132.01,37.4,23.7,5,0
0.68,21.25,85.31,26.8,29.0,7,0
0.91,22.72,51.42,17.4,31.8,8,0
12.46,71.13,121.61,36.1,23.2,7,0
2.14,26.67,79.02,43.0,28.5,6,0
2.19,15.88,45.03,30.9,27.8,6,0
2.94,60.77,165.05,39.6,40.6,6,0
20.37,88.57,195.67,44.9,35.8,8,0
0.53,51.09,93.48,42.5,23.8,7,0
10.25,41.42,77.88,45.1,24.9,5,0
2.51,35.88,78.59,37.9,33.8,4,0
11.36,70.42,154.02,32.6,26.9,5,0
28.79,99.48,167.96,19.2,30.7,7,0
2.57,49.59,106.49,30.0,28.4,9,0
0.83,3.08,57.74,25.3,20.9,4,0
0.94,25.08,57.84,49.4,25.6,8,0
8.53,60.97,213.07,30.6,48.4,6,0
0.94,21.94,91.36,33.0,23.1,3,0
1.81,30.6,95.02,36.4,28.8,5,0
1.37,8.64,99.62,32.3,29.9,6,0
2.64,35.47,68.89,45.6,25.2,10,0
0.46,12.03,43.93,27.0,16.5,7,0
11.66,57.96,130.58,33.6,29.9,3,0
11.8,58.75,145.24,26.1,31.3,7,0
3.2,24.31,73.3,21.4,30.5,7,0
5.68,49.05,130.27,27.1,35.1,10,0
6.16,65.04,124.93,31.7,24.7,5,0
8.3,52.42,109.57,28.6,29.0,6,0
4.41,21.74,56.96,26.5,23.2,3,0
4.28,33.82,56.83,20.7,35.5,7,0
5.99,51.09,151.5,31.3,36.6,6,0
7.29,34.07,111.17,20.0,25.7,13,0
2.55,20.16,46.21,38.1,20.7,8,0
2.41,29.61,61.0,32.7,24.2,7,0
1.89,13.52,27.95,20.3,24.6,4,0
4.78,22.59,89.72,29.5,31.4,6,0
2.68,13.72,188.03,26.0,39.8,6,0
4.66,29.36,67.04,34.6,25.7,8,0
3.13,15.25,87.21,42.7,28.0,5,0
10.87,54.74,181.86,17.0,37.5,13,0
0.46,6.27,14.91,32.9,15.0,12,0
5.09,28.06,146.02,30.7,34.3,13,0
5.14,28.22,60.0,37.4,23.1,12,0
45.95,225.39,434.52,33.7,55.2,3,1
3.28,62.07,153.91,26.0,47.5,9,0
9.66,67.51,154.62,29.4,37.0,14,0
1.98,27.97,172.75,25.6,37.3,7,0
12.31,82.8,118.04,40.6,29.9,7,0
13.6,44.99,146.49,32.2,38.3,4,0
6.31,31.02,57.66,47.2,20.0,3,0
8.89,38.26,115.26,31.5,30.0,4,0
5.7,18.74,43.71,26.3,19.6,5,0
34.16,96.06,268.43,19.9,50.5,3,0
20.41,78.76,172.91,17.6,33.2,14,0
1.99,11.13,34.42,19.3,28.9,10,0
1.0,72.16,178.85,34.1,37.4,6,0
2.03,54.14,220.98,36.1,46.0,8,0
5.72,111.87,224.82,19.4,44.5,11,0
1.23,4.5,23.85,39.2,27.7,7,0
43.74,228.9,378.28,28.1,53.2,4,1
3.18,53.69,100.52,33.2,34.6,3,0
11.38,108.69,284.65,44.9,39.2,7,1
1.72,23.58,46.0,39.2,24.8,10,0
2.25,48.49,107.71,29.9,28.0,6,0
0.37,2.48,31.74,24.9,16.2,5,0
1.79,7.93,20.4,14.8,17.6,11,0
4.04,17.05,60.27,26.2,22.8,6,0
17.53,127.36,251.85,30.3,44.2,4,0
2.95,14.84,46.45,24.1,22.0,5,0
6.13,25.3,39.09,30.9,24.3,4,0
3.35,81.21,148.08,32.6,30.7,5,0
0.29,3.71,59.12,30.2,23.5,8,0
30.84,152.64,268.83,26.8,45.4,8,1
0.41,40.37,147.47,33.3,35.7,4,0
12.91,41.64,120.67,35.5,36.3,8,0
8.39,37.92,96.76,23.3,33.9,6,0
2.86,30.39,85.92,43.3,29.8,9,0
6.13,167.94,326.2,31.2,54.8,7,1
0.71,55.62,189.77,32.2,40.5,7,0
7.28,34.27,70.43,37.7,25.5,6,0
10.38,38.52,86.25,33.9,33.1,9,0
10.35,49.38,108.66,39.6,26.3,12,0
2.01,40.65,111.0,34.3,20.9,5,0
1.84,18.63,85.13,27.1,23.3,6,0
4.42,15.41,123.62,34.9,39.4,12,0
20.61,107.0,244.23,22.9,42.9,6,0
15.19,56.28,103.34,32.9,31.7,7,0
2.67,9.48,42.33,31.7,22.9,4,0
9.08,72.81,214.52,30.3,44.3,5,0
15.25,67.21,228.86,31.0,43.2,14,0
1.81,24.06,164.44,16.9,36.1,7,0
10.64,65.52,143.72,27.6,37.4,2,0
1.87,23.09,60.62,32.7,23.7,5,0
2.52,34.93,71.09,33.3,29.0,7,0
1.33,53.85,109.75,23.8,30.1,6,0
4.24,41.7,78.53,42.1,27.3,6,0
11.12,55.03,121.44,25.1,28.1,7,0
4.51,35.12,68.84,39.8,25.8,10,0
0.79,21.88,54.26,35.4,22.7,11,0
1.74,12.46,32.39,26.8,28.9,7,0
4.97,31.14,57.93,46.2,17.4,9,0
5.25,45.3,144.77,22.5,38.9,10,0
5.16,28.79,49.85,39.4,16.3,8,0
0.48,14.83,63.82,40.0,29.1,5,0
63.19,297.53,599.26,26.6,75.7,10,1
14.41,46.6,128.31,43.1,35.7,9,0
4.29,42.83,89.96,30.0,28.4,9,0
7.61,37.59,83.02,34.3,21.1,7,0
14.72,53.12,121.08,34.1,38.9,7,0
6.17,32.86,134.64,30.9,37.3,8,0
6.73,22.95,38.24,38.5,26.3,5,0
7.67,32.44,50.69,38.3,21.9,6,0
1.81,17.79,122.88,18.0,36.3,11,0
5.24,32.15,71.29,42.4,20.7,9,0
69.25,207.33,423.3,18.7,51.2,11,1
2.11,22.48,122.09,40.3,24.4,9,0
13.65,99.25,263.94,41.0,41.8,13,1
5.81,40.34,69.99,23.3,23.2,11,0
3.3,17.67,141.57,28.7,32.0,9,0
5.86,32.54,76.12,23.2,25.7,6,0
3.08,11.7,18.49,30.3,18.6,10,0
10.92,103.02,246.87,29.5,34.1,8,0
3.95,64.63,138.16,38.2,34.8,5,0
13.89,54.82,130.58,42.5,31.7,7,0
4.28,36.76,241.53,43.2,40.7,2,0
6.48,99.89,141.69,27.5,41.2,12,0
36.57,186.61,404.23,30.3,59.2,4,1
0.95,20.71,63.7,18.5,26.7,5,0
8.01,31.34,53.02,25.6,29.3,5,0
0.9,11.77,60.68,39.7,18.6,4,0
10.95,66.07,157.64,44.9,35.7,12,0
5.44,58.88,176.57,22.1,41.6,9,0
16.7,64.51,191.32,27.3,38.7,15,0
12.06,50.06,125.18,31.8,26.0,7,0
29.52,155.79,351.87,34.2,52.8,4,1
0.89,49.8,108.64,25.5,31.8,3,0
5.52,19.48,50.66,35.4,15.0,15,0
4.38,18.78,47.6,28.2,18.0,10,0
1.11,22.09,68.57,31.9,36.7,7,0
0.83,10.71,55.2,36.4,27.9,7,0
37.44,115.71,246.67,32.1,52.1,5,1
0.3,3.06,113.86,28.5,35.7,4,0
12.42,126.19,242.89,31.1,46.3,6,0
9.87,88.38,147.5,31.3,33.2,9,0
9.23,40.48,109.61,29.0,32.9,8,0
0.1,52.72,142.59,29.9,41.5,5,0
28.44,100.15,208.56,44.8,45.0,12,1
4.79,22.94,58.43,36.5,26.7,5,0
31.14,163.9,326.17,29.6,51.8,6,1
2.51,33.99,112.99,37.6,33.8,7,0
2.53,56.89,167.89,29.3,34.1,6,0
0.87,18.65,37.79,41.4,26.3,11,0
6.73,36.16,77.37,35.0,24.2,6,0
6.24,26.11,48.82,31.1,23.1,4,0
0.64,14.33,35.32,35.6,18.4,8,0
3.78,35.82,82.3,19.4,26.0,8,0
6.6,90.38,199.46,23.0,36.5,2,0
4.08,40.08,102.16,22.4,38.7,6,0
6.73,33.49,74.04,33.1,22.9,4,0
10.17,43.66,108.98,45.9,32.8,8,0
6.95,77.64,138.1,49.9,29.1,2,0
5.74,25.86,96.74,37.1,29.9,2,0
11.53,60.82,191.63,36.0,40.6,7,0
13.85,85.1,142.68,17.6,25.0,2,0
2.95,85.2,184.15,27.7,31.4,9,0
1.14,37.74,64.24,25.7,21.7,6,0
10.22,39.44,80.73,27.0,21.6,4,0
1.44,16.15,38.47,30.7,24.3,11,0
15.87,76.55,202.97,28.2,41.5,2,0
0.14,59.97,123.35,16.2,27.0,4,0
15.25,227.13,389.26,38.0,59.5,6,1
5.34,36.91,112.45,23.4,29.1,11,0
8.94,74.98,157.5,33.9,35.3,7,0
3.05,13.39,29.1,48.6,19.8,8,0
28.76,99.97,244.18,24.6,46.9,9,0
1.55,17.84,41.44,12.0,32.3,4,0
1.84,99.14,188.29,29.7,42.7,11,0
0.32,1.28,133.68,40.8,40.3,9,0
16.93,84.19,230.47,47.7,36.0,7,0
3.65,79.21,124.68,22.2,29.1,5,0
6.74,31.65,92.19,36.0,32.0,7,0
6.98,36.46,70.86,28.3,34.6,7,0
12.45,86.35,327.73,31.2,56.0,6,0
6.56,63.62,239.07,53.2,38.8,14,0
4.95,33.82,68.74,20.0,24.7,3,0
7.43,97.1,237.64,34.0,45.4,9,1
8.34,30.53,71.26,35.7,26.3,8,0
1.23,64.34,141.68,40.7,30.2,8,0
0.7,37.97,82.06,32.8,26.8,8,0
0.47,12.86,35.54,34.5,23.5,9,0
2.81,51.55,160.46,28.9,30.6,9,0
4.13,21.49,60.26,34.2,30.9,5,0
5.74,28.76,119.97,29.3,29.8,8,0
19.03,114.19,353.98,37.0,55.0,6,1
2.41,10.04,79.74,29.0,33.1,15,0
8.58,35.94,93.34,35.0,28.7,11,0
4.55,28.57,86.69,31.8,33.6,8,0
1.49,8.88,45.88,41.0,19.4,9,0
5.73,73.81,193.17,31.6,41.5,4,0
20.5,133.4,185.25,17.8,42.7,14,0
0.8,19.03,66.06,42.1,22.5,5,0
4.25,28.34,100.99,24.8,29.2,7,0
0.32,20.57,92.3,26.8,28.4,8,0
2.32,13.93,138.18,27.2,34.9,8,0
5.82,32.4,53.28,43.0,27.7,8,0
11.04,50.2,121.69,14.9,27.6,11,0
7.86,38.88,75.97,57.1,27.3,8,0
3.73,40.17,85.13,40.4,36.5,6,0
70.11,329.15,590.24,33.8,84.3,8,1
2.16,42.8,64.62,31.6,30.4,3,0
8.41,54.88,134.36,34.3,32.5,8,0
3.85,20.78,117.69,36.2,42.4,7,0
13.73,97.95,142.17,37.2,39.4,8,1
9.58,103.17,184.4,36.4,38.6,2,0
13.9,106.84,206.52,32.7,41.8,7,1
1.45,7.12,38.58,30.4,21.6,6,0
6.62,45.27,135.93,30.8,35.6,4,0
8.05,61.38,103.37,30.4,33.3,7,0
8.14,38.58,90.11,41.1,32.5,9,0
4.21,133.71,209.27,36.7,40.0,9,1
0.07,8.85,139.31,12.0,26.6,11,0
1.82,14.26,110.57,37.2,32.3,11,0
60.9,237.63,456.81,33.6,69.2,6,1
11.46,38.46,68.24,31.9,21.9,6,0
11.03,112.59,244.0,28.9,43.9,7,0
0.66,16.47,38.18,41.0,30.5,8,0
17.95,82.81,211.72,39.6,35.2,5,0
1.21,28.85,51.73,25.8,23.8,9,0
37.37,119.87,209.15,35.3,48.4,6,1
1.45,39.8,99.43,24.2,30.7,8,0
11.81,88.03,155.98,21.0,33.0,7,0
8.3,51.97,154.26,27.0,35.4,9,0
2.62,87.15,208.06,38.9,44.9,2,0
6.87,42.38,92.35,39.6,28.2,10,0
1.22,33.01,80.88,36.1,31.1,6,0
2.89,72.67,212.25,37.8,42.4,7,0
2.84,37.51,111.7,36.1,32.8,9,0
1.63,19.21,68.17,26.9,30.1,11,0
48.17,125.09,362.15,35.5,54.7,2,1
6.82,55.82,134.89,38.4,28.8,9,0
1.97,91.58,397.46,38.0,62.1,6,1
1.66,23.01,54.04,41.5,24.7,8,0
0.11,10.78,44.98,37.7,22.3,3,0
2.55,28.39,64.65,34.8,29.1,9,0
4.49,47.08,102.31,40.6,36.6,6,0
1.95,6.83,16.86,31.8,20.9,2,0
7.23,83.19,135.01,24.9,33.5,4,0
3.18,66.96,119.28,30.7,26.0,6,0
2.28,27.12,51.48,26.0,24.0,7,0
16.79,63.48,97.75,26.6,30.9,12,0
1.83,35.81,120.69,30.8,32.0,8,0
3.05,15.18,41.49,25.7,22.3,10,0
2.89,28.65,71.0,29.5,30.7,8,0
1.66,9.2,15.9,16.9,21.9,6,0
1.47,26.25,43.74,33.7,37.3,6,0
2.16,17.23,104.75,32.0,31.5,8,0
49.67,263.95,563.07,25.5,62.6,7,1
8.74,68.41,205.5,37.3,35.0,10,0
6.86,183.31,322.65,39.5,54.9,12,1
46.25,178.68,326.19,19.1,49.4,6,1
4.25,14.11,31.31,25.9,20.2,8,0
1.86,21.37,61.46,25.8,19.9,3,0
0.46,3.48,67.27,24.5,24.3,4,0
2.41,13.74,107.52,38.6,31.7,14,0
4.11,37.95,84.65,30.4,30.4,5,0
0.35,23.6,45.37,29.9,19.4,7,0
0.55,2.92,8.14,16.0,24.8,5,0
50.72,166.32,370.11,37.1,51.1,6,1
2.74,27.56,53.86,22.1,27.6,4,0
3.0,18.28,60.12,32.5,27.7,7,0
0.75,53.66,163.7,34.2,31.7,8,0
1.54,10.64,64.48,42.9,21.2,9,0
1.82,14.45,24.34,21.5,24.3,9,0
0.42,5.55,12.12,12.0,18.4,9,0
2.37,9.48,73.31,33.5,26.4,10,0
0.45,53.92,141.14,46.4,37.6,7,0
7.29,35.08,104.1,41.9,32.8,7,0
2.93,40.61,88.82,33.7,24.3,8,0
2.37,19.96,113.24,28.1,31.1,9,0
0.81,27.87,98.21,38.5,25.1,6,0
1.54,72.66,237.0,24.2,48.1,7,0
1.59,52.71,123.51,35.8,40.0,8,0
25.28,108.36,247.15,36.0,40.5,6,1
10.82,76.83,165.56,40.5,36.4,5,0
0.09,15.27,123.64,54.1,37.0,5,0
5.76,25.3,61.19,35.1,26.2,6,0
44.43,223.88,380.08,27.9,60.8,6,1
0.66,77.05,161.97,31.8,36.5,11,0
65.62,226.83,390.0,17.8,53.7,8,1
0.85,39.32,154.15,26.4,36.0,8,0
3.52,19.63,97.68,28.7,35.4,3,0
6.0,30.68,88.66,27.8,30.4,11,0
4.85,69.08,321.02,33.2,60.2,5,0
22.8,122.13,206.7,25.4,31.8,12,0
9.24,33.06,129.85,41.0,34.9,8,0
8.93,49.9,84.88,32.0,25.2,5,0
2.64,48.21,90.27,31.9,24.6,3,0
0.05,19.02,40.54,29.4,30.7,10,0
7.95,28.7,53.02,33.2,24.0,3,0
49.35,154.92,242.23,38.6,42.5,6,1
3.12,77.06,123.79,25.1,34.1,11,0
25.41,111.48,202.56,26.7,29.5,3,0
0.92,36.69,76.93,29.6,34.5,5,0
2.11,46.53,91.22,21.2,38.6,7,0
1.12,6.45,82.13,25.4,32.8,7,0
3.87,31.99,152.45,28.2,37.3,7,0
9.57,49.68,192.89,39.0,38.2,5,0
2.5,13.42,65.5,34.1,21.2,10,0
14.2,59.35,135.33,33.5,39.5,8,0
4.72,52.32,178.24,38.8,42.4,4,0
3.76,20.91,66.35,30.9,28.9,10,0
9.28,38.53,89.85,35.1,30.7,8,0
0.64,10.18,24.15,31.2,23.9,8,0
8.92,41.14,66.15,34.1,24.0,10,0
1.67,22.17,93.59,27.3,41.9,6,0
1.98,42.89,111.44,12.5,29.7,11,0
5.49,24.56,70.95,30.9,25.0,7,0
13.93,40.36,55.0,43.4,31.1,8,0
5.18,45.71,99.23,39.4,29.8,4,0
6.28,46.78,134.1,39.7,33.3,8,0
8.99,57.09,112.99,41.9,38.4,10,0
1.8,14.34,39.66,32.7,27.4,8,0
10.53,84.75,193.18,33.6,43.0,7,0
3.25,26.45,74.22,27.1,20.3,9,0
1.16,28.52,158.68,29.5,37.9,4,0
2.59,9.1,98.4,36.9,24.8,8,0
1.7,11.83,18.78,41.6,19.6,10,0
1.56,43.92,98.85,30.9,30.8,4,0
1.99,14.73,33.8,28.4,23.2,9,0
1.2,6.27,38.77,32.0,27.1,10,0
6.61,41.68,103.59,36.8,34.2,11,0
5.2,35.05,84.9,20.4,32.7,1,0
6.27,45.54,128.26,13.6,26.1,9,0
2.53,33.41,76.45,27.6,39.5,6,0
37.31,113.06,409.05,22.2,60.8,10,0
0.83,19.79,32.49,27.9,29.3,5,0
5.08,85.62,151.95,30.8,22.6,6,0
1.93,25.63,76.08,28.4,26.3,3,0
4.5,36.78,121.03,43.6,24.8,8,0
2.35,18.11,55.48,34.6,21.2,8,0
9.38,79.66,283.94,34.4,48.6,6,0
13.31,55.16,117.23,37.0,30.0,7,0
8.14,43.88,78.35,22.9,34.4,8,0
1.16,15.98,105.27,40.3,39.4,12,0
1.93,29.86,91.03,31.4,24.3,6,0
15.11,64.06,141.34,37.4,31.7,4,0
3.45,43.8,128.43,23.4,27.7,5,0
17.0,50.66,119.69,19.6,37.7,8,0
2.99,23.58,48.52,38.5,25.6,4,0
18.19,107.49,217.89,35.0,42.0,9,1
15.6,52.71,115.01,24.8,33.1,7,0
6.48,30.37,61.94,25.0,24.6,7,0
0.05,17.38,128.35,41.0,28.6,8,0
3.07,106.92,241.04,22.5,44.4,9,0
14.53,57.91,86.31,45.1,27.3,8,0
12.98,38.42,89.16,24.8,30.7,9,0
1.25,27.13,102.75,37.1,22.1,13,0
3.06,19.86,84.12,29.4,29.3,3,0
10.83,41.11,81.98,36.8,24.8,4,0
5.17,62.44,196.31,27.6,40.4,8,0
11.28,42.66,100.33,30.7,34.6,7,0
10.51,62.5,102.64,32.3,27.5,7,0
67.23,236.5,504.23,24.0,76.4,5,1
0.75,62.18,104.2,37.9,21.7,7,0
0.94,93.98,200.79,27.9,47.8,14,0
0.52,18.2,54.43,30.2,31.6,11,0
16.43,82.91,223.93,24.0,38.0,8,0
40.57,155.7,217.27,12.0,37.3,8,0
0.4,11.08,119.45,30.5,24.5,5,0
2.33,16.42,70.37,51.3,31.6,10,0
2.6,92.97,179.09,38.3,36.3,10,0
9.95,53.64,122.09,31.8,30.2,8,0
7.98,27.22,164.67,29.9,30.9,4,0
7.02,70.35,150.87,32.2,44.1,8,0
0.13,23.4,58.85,36.4,21.0,6,0
14.49,64.4,143.35,22.6,34.5,11,0
39.67,152.26,327.52,40.9,53.8,9,1
5.95,35.12,65.14,37.7,24.5,6,0
0.38,67.32,140.99,37.7,31.1,8,0
0.51,69.83,136.0,35.5,31.8,11,0
0.06,9.55,74.34,32.2,30.3,10,0
5.01,60.52,167.0,37.4,35.0,8,0
5.96,34.61,99.2,36.7,38.0,9,0
0.31,27.69,60.26,29.2,22.1,3,0
2.06,17.23,89.35,27.4,32.7,10,0
11.44,66.14,171.19,32.8,28.3,9,0
0.64,10.33,43.85,44.4,20.5,6,0
1.46,5.85,28.26,22.1,18.7,10,0
3.31,17.88,33.6,20.3,17.8,10,0
11.08,37.6,130.1,33.3,34.4,3,0
1.77,98.72,240.54,32.4,43.5,5,1
35.14,196.82,432.84,33.4,51.9,3,1
2.63,54.5,162.09,34.0,46.2,10,0
2.93,17.23,103.64,30.2,31.2,15,0
0.78,18.01,28.91,43.9,22.9,10,0
6.84,34.7,102.55,19.2,36.8,8,0
1.67,19.34,94.72,25.4,34.4,7,0
5.95,19.38,195.95,31.2,38.1,9,0
1.52,23.65,51.96,18.9,15.4,4,0
52.75,186.36,373.17,30.6,60.1,5,1
11.66,71.28,231.35,45.3,38.3,8,0
8.06,55.72,103.41,32.2,36.5,9,0
1.01,14.11,48.64,33.8,21.0,6,0
5.61,41.88,105.42,21.9,28.3,10,0
5.94,31.72,102.11,27.1,23.5,10,0
0.57,9.57,32.43,29.0,16.9,7,0
3.76,26.22,126.57,29.5,32.1,2,0
1.81,47.66,93.44,42.3,28.3,3,0
3.78,16.83,70.26,36.5,24.6,7,0
9.01,52.29,117.48,23.1,42.0,9,0
1.03,9.42,31.17,34.0,26.1,5,0
0.79,11.66,23.05,36.0,22.4,5,0
1.88,14.75,132.82,41.1,19.5,4,0
18.25,94.31,170.17,44.6,41.1,1,0
8.27,39.95,111.97,23.9,46.2,6,0
0.12,32.35,110.76,25.5,30.1,9,0
3.08,19.34,30.51,21.9,19.0,7,0
1.79,7.24,55.06,30.1,26.3,6,0
6.1,54.39,102.6,35.7,23.1,12,0
3.69,17.25,85.1,39.9,30.8,3,0
20.03,58.91,101.22,31.4,37.6,8,0
1.48,15.7,85.16,29.4,25.2,6,0
5.32,57.4,140.29,33.2,30.8,4,0
7.23,44.48,87.31,25.3,28.3,3,0
10.48,33.65,76.43,48.7,25.1,10,0
3.14,33.99,64.11,19.1,18.8,5,0
6.97,58.76,194.88,33.5,37.6,5,0
2.17,19.39,45.57,48.2,21.6,12,0
3.43,16.57,46.89,32.1,31.5,6,0
13.56,76.15,164.72,30.5,42.2,5,0
17.96,80.63,369.95,29.1,64.0,4,0
7.61,26.41,74.07,30.6,31.4,6,0
2.81,38.13,59.14,43.0,26.9,2,0
10.29,60.71,162.39,14.3,31.9,5,0
0.16,35.57,236.0,44.3,50.2,7,0
0.65,7.81,44.16,20.6,26.2,8,0
6.5,32.29,76.31,29.9,21.4,8,0
2.07,27.03,61.36,28.6,21.6,7,0
18.14,73.07,109.54,36.7,24.6,7,0
3.44,23.4,54.54,19.2,15.2,6,0
3.37,44.8,114.29,35.7,33.4,12,0
6.8,50.28,154.56,48.2,29.3,11,0
8.75,67.33,195.52,21.1,35.8,5,0
3.87,18.33,88.55,33.5,29.0,11,0
1.44,38.89,76.92,26.7,26.8,7,0
8.9,53.52,134.74,35.4,29.9,9,0
2.32,10.95,52.21,32.2,32.8,4,0
1.16,10.08,41.28,26.9,16.5,8,0
5.99,24.23,79.57,35.9,20.5,4,0
0.57,17.38,34.89,46.4,25.8,7,0
21.32,94.43,179.49,30.5,34.8,6,0
6.0,127.62,210.51,37.8,37.7,11,1
25.57,150.17,326.12,21.7,47.2,3,0
2.48,51.91,112.25,24.3,32.9,8,0
21.29,106.11,245.33,35.8,45.7,10,1
0.94,45.0,158.06,43.9,36.4,6,0
0.25,8.49,116.78,34.8,28.8,9,0
57.73,186.11,526.7,29.5,68.9,10,1
3.75,27.24,135.13,32.0,32.7,4,0
50.59,186.86,524.28,22.0,77.3,6,1
4.31,17.45,66.95,36.8,34.5,7,0
2.38,29.96,175.79,39.1,43.1,8,0
2.45,12.9,59.62,28.4,28.5,7,0
6.06,49.68,143.6,28.2,39.3,8,0
1.07,67.46,148.1,34.1,28.9,5,0
8.73,40.72,117.5,28.5,28.2,4,0
5.23,38.14,147.78,31.5,37.4,5,0
14.79,79.03,166.87,48.8,36.1,6,0
2.72,15.83,36.88,30.0,25.4,6,0
24.35,135.59,312.11,29.1,56.1,11,0
5.15,77.43,163.12,26.8,40.4,6,0
21.76,77.27,207.09,38.0,35.3,5,0
0.16,1.24,28.47,30.6,22.9,4,0
7.81,113.46,169.15,26.8,32.3,8,0
10.18,104.84,229.38,42.6,39.1,3,1
0.33,14.97,79.3,43.4,19.4,6,0
5.19,20.4,52.05,27.2,25.9,10,0
9.72,59.59,165.66,17.1,27.6,10,0
4.94,22.12,59.92,40.1,28.0,2,0
0.4,70.27,143.82,26.5,41.2,6,0
7.09,68.84,199.56,38.3,42.6,9,0
0.38,27.29,108.45,16.2,31.1,3,0
10.21,51.9,89.4,39.1,36.6,7,0
0.26,30.93,60.7,22.3,27.7,7,0
0.89,11.05,29.18,37.8,18.6,4,0
1.93,7.63,97.65,32.1,30.4,7,0
6.02,44.19,161.07,24.4,45.9,8,0
22.47,87.75,183.73,28.7,32.9,5,0
0.75,38.86,66.89,37.5,19.8,8,0
0.92,53.58,114.49,32.8,34.5,7,0
2.76,18.67,111.94,36.7,30.1,12,0
10.86,47.45,101.16,47.8,27.5,8,0
3.78,32.36,83.56,19.5,22.1,11,0
2.33,16.48,78.7,44.9,18.1,5,0
4.94,53.23,92.69,32.8,22.0,7,0
1.81,26.48,53.57,24.8,33.4,5,0
3.08,69.75,130.77,21.4,33.0,3,0
2.43,34.27,105.24,30.5,20.7,11,0
9.78,34.79,118.26,39.4,37.7,7,0
15.48,50.07,100.76,31.0,36.3,8,0
8.55,35.06,81.59,44.1,34.3,8,0
3.47,23.83,62.25,20.4,24.1,8,0
56.37,238.12,337.75,31.9,52.4,1,1
0.8,8.16,18.77,22.0,22.6,2,0
8.24,131.52,289.65,34.9,56.0,4,1
5.45,19.14,142.99,39.1,31.5,4,0
13.96,70.28,195.87,28.6,35.8,5,0
1.34,4.61,58.84,12.0,29.4,11,0
8.56,38.42,108.12,33.6,36.9,9,0
6.92,28.53,120.84,35.5,31.8,2,0
53.13,196.58,372.98,35.2,60.7,7,1
6.6,44.77,115.38,41.9,32.1,9,0
51.73,250.99,442.14,23.4,63.0,5,1
15.04,63.38,119.96,37.4,27.8,9,0
7.63,56.54,120.67,41.5,26.3,10,0
0.3,47.76,166.31,17.8,33.6,2,0
12.35,94.92,166.27,34.6,31.7,8,1
6.43,50.91,84.91,28.0,29.9,9,0
2.23,12.05,54.48,31.3,31.5,6,0
1.24,86.03,188.54,34.8,39.9,6,0
0.74,76.93,250.56,28.1,40.5,7,0
0.31,32.17,68.81,26.6,31.2,4,0
8.42,45.91,129.85,32.3,34.5,14,0
1.61,12.05,59.05,23.3,28.4,14,0
51.64,265.98,600.0,23.3,77.4,5,1
3.04,61.7,142.93,37.4,40.0,11,0
56.41,171.07,301.44,22.8,55.8,7,1
1.11,28.71,61.66,37.3,25.2,11,0
0.27,6.24,13.15,35.7,24.9,10,0
1.26,14.87,40.92,18.2,29.6,6,0
6.82,57.81,135.65,26.6,31.2,12,0
0.51,2.09,25.15,41.6,22.1,4,0
4.86,41.68,96.37,24.2,30.0,9,0
0.95,38.8,114.39,28.3,26.0,9,0
1.31,14.99,56.45,35.7,27.9,3,0
3.0,10.2,45.51,38.3,29.7,10,0
0.64,44.61,64.88,30.0,25.8,11,0
1.14,8.31,106.08,27.2,32.3,5,0
2.58,19.63,72.79,43.4,34.3,4,0
2.4,37.49,74.85,45.9,25.5,13,0
8.3,72.79,139.89,39.8,35.8,9,0
0.47,50.95,88.82,32.7,26.0,5,0
11.82,54.84,117.17,25.5,28.7,9,0
10.16,54.19,96.64,25.4,31.4,12,0
8.71,81.83,209.59,36.2,42.2,6,0
2.22,29.54,226.2,35.3,45.4,5,0
10.39,57.59,97.55,43.2,30.1,7,0
1.21,18.36,26.2,37.2,24.9,9,0
0.8,14.91,39.9,20.0,32.3,5,0
0.28,17.17,64.23,40.4,31.7,4,0
60.48,180.96,343.46,24.0,56.0,7,1
2.21,18.98,93.44,28.9,31.9,7,0
14.98,176.25,310.41,34.0,49.5,8,1
1.91,17.73,69.19,48.0,26.1,6,0
14.29,50.46,129.11,56.9,35.4,10,0
14.06,55.19,153.81,36.9,35.8,5,0
15.44,88.61,122.76,30.5,36.2,5,0
4.11,74.23,187.32,36.3,45.1,5,0
12.06,83.16,162.73,39.1,35.8,12,0
18.07,95.19,238.55,29.4,33.8,13,0
2.35,55.71,124.58,46.4,42.6,5,0
3.26,71.68,117.5,33.8,28.5,10,0
7.62,32.22,94.84,36.0,30.5,9,0
45.93,220.99,486.62,37.3,72.3,9,1
8.41,47.88,71.44,35.4,34.2,4,0
0.46,13.76,49.23,38.7,34.0,12,0
4.45,45.19,65.15,27.1,24.7,8,0
0.78,15.73,67.36,27.5,32.7,7,0
2.08,30.69,98.43,23.2,30.8,7,0
1.8,17.15,72.21,35.5,40.9,10,0
10.96,51.02,81.55,38.2,33.7,7,0
1.29,14.61,29.94,35.7,22.1,3,0
9.92,73.78,193.1,45.4,35.3,6,0
9.48,62.32,98.66,32.0,16.7,4,0
4.15,102.67,175.22,37.3,40.9,6,1
1.6,49.1,106.88,23.3,35.7,7,0
1.54,21.18,46.95,28.9,28.4,4,0
3.75,20.46,100.3,37.6,18.3,6,0
0.05,28.17,61.95,38.8,19.9,8,0
4.55,48.37,88.23,29.6,31.2,8,0
18.32,72.46,109.8,31.4,39.9,14,0
1.01,10.07,57.69,19.9,25.5,12,0
5.11,35.98,103.35,29.1,35.8,6,0
19.59,94.67,250.74,39.1,39.9,15,0
11.82,111.53,222.67,36.6,43.3,8,0
11.4,70.23,147.64,36.0,33.4,10,0
10.35,49.01,107.72,32.4,36.7,8,0
53.81,193.39,547.53,32.1,72.1,8,1
13.28,71.07,121.46,26.7,40.5,11,0
17.02,90.68,176.35,37.6,36.1,7,0
4.11,38.6,140.42,35.4,28.7,7,0
56.22,216.09,402.75,35.9,55.1,6,1
3.21,31.7,95.61,27.8,26.4,7,0
2.44,17.35,43.81,14.8,26.2,10,0
1.43,73.8,119.98,40.8,28.9,9,0
42.58,135.56,281.76,28.2,44.1,9,0
4.96,21.91,97.58,25.1,34.2,8,0
56.78,172.63,314.15,37.5,35.4,4,1
0.6,5.48,14.47,28.9,19.3,9,0
9.56,48.82,79.44,40.5,21.3,5,0
1.15,28.2,52.29,36.9,20.9,5,0
0.73,3.1,86.13,37.5,29.8,5,0
5.85,67.8,161.38,21.1,35.1,7,0
3.05,32.84,133.16,41.7,31.8,9,0
0.37,9.99,79.12,34.1,33.9,9,0
2.64,17.83,101.6,29.0,30.1,12,0
8.86,44.01,85.8,33.1,37.6,10,0
5.73,22.97,46.86,17.8,28.2,6,0
2.7,11.81,51.29,35.3,20.3,3,0
1.28,3.94,24.94,23.8,32.2,8,0
5.99,31.33,76.47,21.2,29.0,5,0
13.11,61.8,132.15,19.8,42.6,4,0
6.24,24.38,169.28,40.9,35.6,9,0
10.06,81.31,114.76,27.0,32.8,9,0
4.42,20.36,39.4,44.3,26.1,8,0
61.09,287.98,576.64,27.7,76.8,12,1
13.59,39.31,74.05,18.3,33.8,4,0
8.9,35.58,71.36,23.1,36.8,11,0
14.44,95.66,195.75,41.9,28.1,5,1
3.38,11.97,22.97,30.8,26.4,8,0
14.07,56.25,133.22,27.6,28.8,7,0
5.83,48.34,113.71,33.3,18.4,11,0
45.44,172.06,257.12,36.0,48.3,4,1
0.24,15.13,43.52,40.9,26.9,10,0
6.44,35.86,78.79,43.6,31.3,5,0
11.3,50.4,107.39,29.1,32.6,6,0
1.15,4.69,16.61,21.4,26.0,7,0
6.5,107.25,185.5,28.7,35.5,12,0
10.46,45.13,134.65,34.1,34.8,10,0
2.04,27.21,73.66,24.3,30.9,4,0
3.12,35.71,51.71,24.3,31.9,10,0
5.06,53.65,185.57,34.8,38.8,12,0
4.39,34.53,101.18,31.6,29.0,7,0
0.24,36.71,64.51,32.3,26.2,7,0
0.62,16.67,157.44,25.9,29.8,8,0
50.73,225.24,329.56,30.2,56.8,8,1
1.83,50.61,253.84,24.6,38.1,6,0
1.69,56.29,81.38,39.1,30.1,4,0
8.13,32.0,65.53,40.3,27.0,9,0
5.1,34.92,90.68,17.2,21.3,7,0
8.66,58.66,120.69,24.6,24.6,5,0
31.96,123.08,167.48,20.0,32.5,6,0
3.98,82.53,232.99,26.8,41.6,6,0
2.35,24.61,39.46,31.3,31.3,10,0
11.38,70.5,194.82,20.4,38.9,5,0
7.38,34.33,78.39,24.6,30.6,4,0
12.21,51.84,175.08,24.0,43.8,4,0
0.29,4.06,27.68,33.7,28.1,7,0
7.66,35.06,85.52,32.6,28.5,11,0
4.66,33.28,79.27,26.2,24.4,5,0
10.46,80.93,195.74,33.4,42.1,5,0
4.25,33.6,74.36,27.6,24.0,6,0
4.66,19.7,46.69,29.8,33.7,12,0
0.32,2.06,5.7,45.4,24.9,5,0
6.63,42.17,73.66,42.7,28.4,5,0
1.91,19.34,51.6,21.6,27.7,8,0
0.12,104.3,226.78,38.6,43.6,8,0
0.41,39.06,89.54,38.5,27.1,8,0
18.92,96.58,210.47,22.8,43.5,7,0
2.55,10.43,104.11,38.6,29.2,8,0
12.15,87.88,160.21,44.3,45.7,12,0
19.27,66.18,188.85,23.0,35.4,12,0
17.22,75.58,185.03,24.7,41.0,9,0
12.81,68.47,151.87,40.1,31.3,6,0
13.51,71.84,217.21,34.2,37.8,3,0
2.05,9.9,17.98,36.4,15.0,6,0
0.99,19.13,120.55,34.7,34.1,8,0
6.12,20.45,55.01,35.1,22.8,8,0
4.02,15.8,50.93,21.4,30.5,4,0
0.62,29.6,84.82,40.4,30.5,5,0
6.79,96.83,234.22,41.4,44.2,4,1
4.97,59.21,162.09,30.2,29.2,8,0
11.93,53.31,122.19,31.7,35.1,12,0
5.64,21.62,46.02,19.8,21.3,5,0
5.12,18.66,86.36,36.1,21.5,5,0
3.49,18.48,42.31,36.6,26.4,7,0
3.73,102.82,263.08,31.5,40.0,4,0
18.52,82.26,204.4,41.0,30.0,9,0
0.89,49.95,86.44,29.3,35.1,10,0
3.55,42.74,122.63,36.5,29.5,4,0
6.4,40.6,112.8,23.8,22.6,7,0
3.4,84.01,238.39,31.8,39.0,6,0
2.0,14.26,33.73,30.6,19.8,6,0
2.03,23.89,148.47,33.8,40.6,12,0
1.6,55.35,215.24,29.0,33.2,7,0
2.53,29.22,99.65,30.9,23.3,7,0
12.32,43.5,161.83,38.6,41.1,3,0
32.48,113.83,234.29,28.5,41.2,8,0
1.65,40.18,53.71,19.1,26.5,1,0
48.02,183.33,336.68,46.0,51.2,5,1
0.67,64.39,161.76,43.1,46.3,6,0
14.06,58.5,179.15,21.7,31.5,7,0
3.15,34.0,78.4,37.5,29.3,9,0
23.59,109.44,295.46,28.0,57.1,10,0
2.56,28.34,101.79,34.1,28.3,10,0
10.86,48.59,80.54,34.4,24.3,6,0
1.78,52.89,102.27,30.1,34.1,7,0
0.48,28.43,95.31,25.7,34.6,11,0
0.19,38.81,78.77,26.5,23.9,3,0
5.59,22.63,48.83,24.7,32.2,9,0
2.24,11.06,51.0,25.3,25.4,4,0
3.52,11.01,71.91,31.5,29.7,9,0
67.05,220.44,342.03,26.3,61.6,7,1
1.71,32.9,132.94,37.5,37.1,13,0
2.21,23.61,58.29,43.9,25.8,9,0
11.2,85.13,197.12,27.4,36.4,4,0
30.31,104.58,260.3,33.9,59.6,9,1
10.55,57.65,187.98,36.0,34.9,5,0
2.81,64.08,111.31,35.8,32.7,7,0
3.05,77.48,151.95,32.6,37.7,14,0
1.1,66.69,142.63,37.9,37.0,8,0
14.89,105.32,277.77,35.9,58.4,13,1
13.63,64.08,141.56,22.1,34.4,8,0
24.89,171.49,290.27,39.0,48.6,8,1
3.09,41.62,97.37,39.1,37.5,2,0
10.24,107.62,167.09,25.9,36.0,6,0
3.22,12.64,38.54,32.3,28.2,7,0
3.63,73.71,161.55,37.5,37.1,9,0
10.63,48.4,110.55,30.3,35.7,8,0
55.1,231.93,358.79,40.6,59.5,8,1
1.49,11.05,21.25,50.9,20.1,6,0
2.27,55.81,82.25,25.7,19.0,8,0
9.31,44.21,158.23,21.0,27.5,7,0
2.8,108.93,232.04,34.4,34.0,5,1
2.66,11.73,61.96,37.8,25.7,8,0
40.43,155.32,357.73,30.2,44.0,6,1
2.91,21.79,47.9,43.6,24.0,5,0
1.71,24.13,43.41,21.3,25.0,13,0
5.86,48.9,140.6,37.5,38.3,10,0
52.44,170.3,315.39,27.2,54.1,4,1
0.43,1.17,24.27,45.8,26.9,6,0
5.79,18.64,94.17,47.9,31.5,12,0
0.22,1.78,8.47,25.9,19.2,3,0
4.48,68.01,143.84,27.6,33.9,8,0
1.78,14.36,127.59,38.9,28.5,3,0
2.2,17.06,37.8,28.9,24.9,7,0
3.78,29.58,61.17,31.6,18.2,7,0
15.71,113.47,241.46,32.2,49.5,11,1
7.44,30.18,165.88,16.6,31.8,6,0
16.57,51.31,87.17,31.9,29.5,9,0
61.6,254.83,449.67,26.5,66.6,6,1
0.04,83.2,133.74,28.1,39.2,11,0
1.85,31.31,82.77,43.5,19.9,7,0
14.17,57.95,124.25,21.9,30.8,5,0
6.19,37.7,71.55,38.5,29.9,8,0
23.99,162.99,360.94,29.8,64.9,11,1
1.02,23.29,174.13,29.8,37.2,4,0
2.11,20.83,105.06,38.3,27.5,5,0
2.7,21.25,96.9,34.7,39.8,12,0
2.37,91.89,188.24,36.6,42.8,8,1
1.74,38.62,71.4,39.7,34.0,10,0
58.04,203.83,310.05,29.3,45.0,4,1
6.17,24.1,58.12,27.1,28.4,7,0
57.87,209.34,320.58,23.3,46.6,5,1
0.5,12.8,24.1,25.4,15.9,6,0
7.4,26.8,64.93,55.6,29.4,4,0
3.69,69.91,142.41,42.0,37.5,4,0
56.79,155.79,322.11,21.2,49.8,5,1
3.65,23.93,54.27,21.4,32.6,12,0
13.26,124.69,264.97,35.9,44.7,8,1
4.91,24.96,54.0,36.4,24.1,6,0
15.41,87.1,259.35,36.4,45.8,7,0
4.29,39.35,138.23,30.0,32.6,7,0
2.08,71.58,184.96,31.0,44.9,7,0
2.64,56.1,250.11,34.6,39.8,8,0
4.43,43.03,64.53,32.7,22.7,5,0
4.53,24.99,85.3,14.2,22.6,6,0
6.98,38.95,142.28,30.2,43.6,8,0
1.53,77.18,174.37,25.2,35.8,5,0
6.45,21.95,77.32,33.4,23.9,5,0
9.05,79.37,169.62,55.9,35.5,8,0
61.28,192.14,393.01,34.9,63.5,4,1
3.94,18.86,125.86,29.5,35.9,6,0
28.74,133.13,316.02,39.4,48.7,7,1
34.27,119.86,248.45,35.9,42.8,5,1
0.68,123.5,342.73,35.4,47.0,5,1
10.34,78.04,116.45,36.9,32.3,4,0
37.07,181.72,450.14,48.5,71.4,9,1
7.5,52.94,204.71,23.0,37.6,6,0
1.18,25.61,119.87,35.8,35.2,4,0
0.1,42.02,109.52,24.6,28.0,7,0
1.04,50.11,128.36,36.4,27.4,10,0
2.84,15.48,66.56,24.7,30.1,7,0
34.16,130.4,291.52,28.7,60.9,9,0
52.31,182.16,374.13,29.6,60.1,3,1
8.68,134.38,249.74,39.8,42.9,7,1
8.82,56.12,152.5,39.3,33.5,7,0
10.21,95.83,243.91,22.0,53.9,15,0
11.04,77.42,159.12,32.4,37.4,4,0
3.27,35.39,100.56,26.3,26.2,10,0
12.13,99.51,229.32,21.9,42.6,8,0
4.48,31.82,116.45,30.3,32.7,9,0
3.82,24.69,43.81,29.5,26.7,11,0
7.61,59.95,146.94,51.4,42.3,3,0
1.44,8.22,23.67,35.5,28.7,10,0
9.35,46.28,91.75,21.0,30.2,13,0
3.37,36.31,55.67,27.5,25.4,10,0
0.82,16.94,78.82,40.2,29.9,4,0
0.76,72.66,140.88,48.7,31.0,6,0
1.08,83.51,158.5,19.3,40.7,6,0
13.27,75.39,176.98,17.0,36.7,8,0
28.22,96.01,175.23,47.0,40.0,6,1
2.65,39.36,118.67,35.1,40.4,7,0
2.07,23.43,138.57,25.1,36.6,6,0
1.48,9.91,53.01,36.3,26.5,8,0
10.42,74.12,203.54,12.0,37.8,8,0
1.41,38.52,125.54,32.0,32.2,10,0
15.47,76.21,108.39,34.6,25.2,5,0
6.6,72.98,144.43,39.4,37.1,10,0
13.65,76.39,134.82,23.9,22.8,3,0
4.84,21.39,48.38,32.7,29.7,8,0
7.04,47.68,108.3,24.6,34.5,5,0
5.8,31.37,95.27,34.0,30.0,11,0
10.67,46.89,126.14,24.8,29.9,5,0
10.84,91.32,234.43,28.7,43.4,13,0
5.35,84.48,179.52,24.0,29.1,10,0
36.38,105.88,248.08,37.2,48.9,7,1
15.3,114.21,192.39,38.9,38.4,4,1
15.94,51.82,142.05,30.1,41.8,3,0
6.55,29.73,75.31,32.3,29.5,5,0
0.05,1.68,16.01,20.4,22.8,5,0
0.66,8.7,40.58,29.6,26.1,5,0
11.71,55.99,93.35,31.6,24.5,8,0
0.53,67.88,166.9,53.0,34.4,11,0
32.82,134.75,304.9,23.1,51.2,8,0
1.57,16.91,31.06,43.7,21.6,3,0
5.5,50.31,114.05,40.0,28.5,10,0
5.16,31.03,130.9,34.2,31.7,8,0
2.05,35.69,75.02,46.1,27.7,11,0
1.4,20.02,40.84,35.0,35.7,6,0
8.68,40.75,111.66,35.1,29.5,7,0
72.21,331.5,576.35,31.6,74.2,6,1
0.33,2.14,35.77,41.8,22.8,4,0
0.86,12.07,49.19,40.8,32.4,5,0
6.17,26.84,159.58,27.0,43.8,9,0
9.79,43.82,86.34,21.4,38.4,7,0
9.4,52.63,125.49,30.4,32.9,3,0
7.63,37.35,96.37,25.6,32.8,7,0
13.1,56.93,122.75,31.5,27.0,9,0
1.47,27.8,69.78,41.9,25.2,12,0
0.68,13.42,78.56,28.3,22.3,4,0
5.73,87.69,183.63,31.7,40.7,6,0
10.37,122.55,311.81,32.5,51.4,3,1
5.23,42.72,96.97,38.8,30.8,6,0
19.78,88.66,237.45,14.0,39.5,5,0
9.53,45.02,117.37,27.1,36.0,7,0
7.24,30.89,98.9,33.7,17.9,6,0
0.37,17.67,81.2,41.6,26.9,7,0
0.68,7.61,52.91,28.1,24.8,6,0
9.22,63.74,113.18,17.0,21.2,11,0
1.33,5.51,37.1,37.0,25.6,8,0
0.18,77.12,126.49,26.9,31.8,11,0
14.5,62.12,191.56,22.5,42.0,8,0
13.29,80.78,180.32,27.0,48.0,4,0
1.48,67.59,118.61,30.5,33.5,6,0
9.09,34.77,64.3,27.2,31.3,6,0
0.3,69.04,186.67,14.4,45.6,8,0
2.01,17.72,156.16,39.2,38.1,9,0
5.86,106.64,290.9,42.2,44.8,5,1
8.64,125.45,225.86,37.2,34.4,8,1
0.06,5.37,39.9,22.9,25.9,3,0
2.37,51.17,109.28,30.4,28.9,5,0
1.45,10.67,23.21,31.9,28.7,9,0
40.26,125.77,207.35,36.8,38.4,6,1
6.67,31.34,78.03,37.3,27.7,15,0
3.12,16.78,128.14,26.1,27.0,9,0
0.47,26.44,68.16,32.7,25.1,6,0
5.48,28.67,73.46,35.7,22.6,7,0
6.16,64.37,199.15,43.6,35.7,8,0
10.17,44.14,103.3,37.6,30.1,3,0
2.04,94.28,167.72,38.3,33.7,8,0
23.92,74.8,127.35,32.7,45.9,7,0
3.47,11.3,35.87,43.3,27.8,8,0
2.11,38.32,117.61,35.3,37.2,4,0
2.57,63.37,149.7,25.1,34.4,5,0
4.4,52.75,151.91,43.2,35.7,4,0
16.56,62.78,167.75,37.6,34.6,7,0
7.97,37.04,71.58,28.5,40.3,4,0
5.16,20.74,33.53,28.2,22.8,8,0
1.07,21.08,65.59,34.4,23.5,9,0
0.97,19.99,46.17,35.7,20.8,6,0
4.19,22.55,60.08,33.6,27.7,9,0
7.83,46.44,104.5,34.5,37.6,6,0
8.34,65.91,117.7,45.6,37.2,6,0
1.54,36.04,147.13,40.6,30.9,10,0
0.63,9.56,31.37,33.5,19.2,6,0
2.91,30.0,59.35,39.5,32.2,4,0
15.02,42.85,158.16,23.7,46.3,10,0
4.73,22.99,39.91,35.2,23.3,6,0
2.31,44.66,69.61,46.5,33.0,6,0
2.35,35.99,145.02,30.3,27.2,5,0
0.85,39.05,76.54,25.2,23.4,5,0
53.55,185.75,387.85,26.8,53.7,6,1
9.4,99.88,161.96,23.3,38.3,7,0
20.76,65.74,119.23,25.7,31.0,12,0
4.18,66.0,158.31,29.0,37.0,2,0
1.1,13.8,46.42,20.8,30.7,4,0
6.89,26.42,91.01,32.1,25.8,8,0
8.48,32.67,79.64,39.2,28.4,4,0
56.08,168.91,310.85,24.7,44.4,9,0
41.27,150.31,255.27,44.2,51.3,15,1
10.61,117.44,259.1,36.1,51.4,9,1
3.84,25.24,156.02,40.2,37.4,6,0
4.93,40.1,99.09,26.7,30.5,5,0
7.5,76.1,117.19,38.8,29.2,3,0
6.78,45.61,73.23,23.3,20.3,11,0
0.1,11.59,138.45,39.1,35.4,6,0
0.78,120.64,258.52,33.4,49.6,8,1
40.03,182.78,415.59,36.4,71.7,4,1
8.46,50.44,135.22,22.6,31.6,13,0
3.48,50.97,85.67,24.8,29.9,6,0
4.73,18.41,42.7,36.8,29.8,8,0
8.89,58.47,214.16,24.4,47.1,12,0
2.5,17.13,53.03,35.7,22.2,4,0
8.29,29.42,72.52,21.1,25.9,7,0
3.5,18.64,65.48,38.8,23.9,5,0
2.84,92.67,140.24,22.1,29.5,4,0
37.34,180.35,265.68,36.4,53.9,14,1
20.1,81.13,142.53,37.0,34.6,7,0
8.87,39.28,87.03,26.4,28.3,6,0
0.12,11.82,24.14,36.7,23.7,9,0
18.94,107.37,172.88,34.1,37.6,6,1
8.96,74.44,162.16,27.7,35.1,4,0
0.97,87.98,127.61,23.9,29.0,9,0
0.48,36.46,51.37,16.3,33.0,5,0
2.21,31.93,166.82,34.8,33.8,5,0
5.87,21.65,39.03,19.5,19.3,7,0
5.75,17.1,31.23,32.8,22.7,10,0
1.94,28.72,67.96,29.9,37.6,7,0
3.54,35.18,75.7,37.4,23.5,3,0
1.43,52.93,119.26,29.6,35.5,5,0
0.31,10.76,98.84,29.4,28.7,3,0
4.37,19.58,53.79,37.9,26.6,12,0
2.56,20.34,86.46,34.7,33.3,9,0
4.7,101.69,252.17,34.5,36.6,4,1
17.57,109.15,181.58,35.8,33.7,14,0
0.93,3.59,28.89,19.7,27.4,8,0
0.01,51.96,107.17,38.1,31.2,10,0
0.48,17.98,45.67,36.9,25.6,9,0
3.73,25.25,92.16,23.9,32.8,5,0
7.36,43.62,112.67,30.0,26.8,12,0
5.22,37.05,99.84,31.7,35.3,3,0
4.1,32.07,60.99,30.9,30.2,5,0
2.62,34.91,73.72,34.7,28.6,7,0
2.23,30.8,71.97,43.5,29.5,6,0
2.83,12.41,21.26,40.7,28.0,7,0
5.67,25.63,109.06,21.5,27.9,9,0
1.1,49.05,117.08,37.0,35.0,9,0
8.85,63.08,147.14,42.6,43.4,2,0
5.14,30.16,60.69,35.1,29.3,4,0
1.88,10.0,70.63,40.7,26.0,9,0
4.17,14.26,105.63,48.1,42.2,10,0
19.75,74.17,164.63,40.2,37.6,4,0
0.12,1.76,26.5,34.0,29.6,9,0
26.67,90.27,172.43,40.4,35.1,5,1
3.57,58.45,101.84,33.2,35.5,6,0
6.1,24.49,66.71,32.2,23.9,11,0
1.43,50.92,211.4,29.2,42.8,8,0
16.08,78.55,156.04,44.5,32.6,8,0
6.17,30.54,88.83,25.5,38.4,8,0
47.55,152.86,366.6,44.3,55.6,2,1
2.4,14.02,54.21,36.0,19.9,5,0
10.59,71.98,165.56,20.8,37.0,6,0
2.85,13.13,31.8,34.9,25.9,10,0
1.75,17.86,27.74,15.2,22.6,10,0
14.56,77.02,214.05,37.0,37.3,3,0
0.58,3.56,72.42,39.1,32.4,7,0
17.18,73.9,137.03,27.3,40.0,7,0
3.68,24.97,76.37,33.0,19.4,8,0
29.46,104.97,207.96,47.6,36.4,7,1
4.65,66.91,121.95,28.0,31.4,10,0
8.5,28.73,68.22,23.5,24.2,7,0
0.04,10.82,64.69,43.9,29.1,6,0
4.12,31.49,81.81,47.7,37.4,7,0
8.02,31.42,82.09,32.0,26.3,6,0
9.16,48.88,78.86,40.1,35.8,10,0
1.03,10.4,55.33,42.7,18.2,7,0
3.26,47.88,98.46,26.1,32.1,4,0
3.26,31.52,79.45,28.1,25.0,7,0
0.66,4.6,26.32,41.8,25.0,5,0
3.51,38.69,103.96,45.5,21.6,7,0
9.87,49.18,88.22,36.5,22.4,7,0
2.14,16.14,95.13,25.0,31.9,8,0
3.4,10.41,41.82,47.9,21.0,7,0
19.46,66.46,124.53,27.8,30.8,8,0
38.48,151.39,244.94,29.3,53.7,6,1
5.37,28.47,95.18,34.7,30.2,6,0
8.16,48.9,135.0,44.4,38.0,4,0
8.58,61.52,183.23,38.8,34.5,9,0
35.78,138.23,298.55,35.3,43.1,9,1
7.78,45.99,99.63,35.7,29.6,10,0
0.36,30.17,81.57,32.3,20.7,4,0
4.58,41.31,73.58,36.5,23.9,9,0
9.17,137.65,235.7,12.0,44.8,8,0
0.59,9.27,35.24,29.6,23.0,4,0
0.07,8.01,94.34,33.9,31.1,9,0
10.11,39.66,105.43,22.8,33.5,3,0
7.47,36.64,108.3,35.1,24.9,4,0
3.19,14.58,31.74,30.4,18.5,11,0
16.92,76.13,179.15,46.0,27.0,8,0
8.73,43.31,88.55,44.6,27.0,6,0
20.63,158.94,318.7,28.3,55.6,5,0
15.9,129.07,239.37,30.8,51.4,4,0
3.94,49.85,101.01,31.4,31.1,7,0
8.43,48.78,165.5,28.4,43.4,10,0
6.64,72.55,217.17,33.6,43.6,6,0
10.01,82.0,203.94,25.9,40.9,7,0
9.3,90.92,208.84,23.0,37.8,11,0
1.0,28.54,152.02,37.0,23.3,5,0
1.6,9.63,71.13,37.0,33.2,8,0
1.85,9.43,83.07,25.6,28.0,13,0
10.24,88.03,269.3,39.2,53.9,8,0
54.81,161.53,400.28,26.9,55.3,10,1
4.1,24.96,61.94,34.0,38.3,5,0
5.22,36.67,77.21,38.6,26.5,1,0
10.52,28.41,79.6,31.7,24.5,6,0
2.25,67.95,124.2,35.6,31.3,6,0
0.31,9.81,32.37,27.9,24.1,3,0
3.95,11.2,57.33,30.4,25.4,9,0
14.7,175.22,322.73,30.4,49.7,4,1
9.38,46.45,95.2,26.0,20.5,8,0
2.74,62.85,129.65,30.6,28.9,5,0
0.4,16.29,34.81,19.6,28.9,15,0
6.08,44.38,127.88,28.1,28.4,7,0
10.79,50.81,176.11,29.7,29.0,1,0
6.56,46.42,128.49,30.0,27.6,6,0
3.32,20.85,77.41,30.1,27.3,10,0
0.79,78.94,139.4,31.5,30.1,5,0
14.5,55.37,111.0,35.8,29.7,8,0
1.94,16.47,92.7,39.0,25.3,5,0
1.52,61.81,145.92,26.8,39.6,4,0
10.16,60.2,90.52,22.4,31.5,6,0
23.85,90.24,257.97,23.7,56.9,6,0
6.48,53.12,222.47,28.1,40.3,6,0
5.88,18.86,45.89,29.2,23.2,6,0
2.31,6.35,18.87,25.8,27.8,6,0
0.12,69.89,165.7,21.6,38.5,8,0
1.28,11.93,26.11,28.4,17.9,7,0
5.27,25.59,117.94,33.5,34.6,8,0
0.98,33.04,155.1,36.8,37.5,12,0
51.33,203.47,351.04,27.5,46.1,11,1
1.25,38.4,107.27,28.7,27.5,4,0
4.43,35.25,93.16,24.6,30.3,9,0
4.3,62.69,114.62,31.7,38.7,8,0
32.18,105.02,241.43,25.2,47.6,5,0
52.02,154.88,284.21,36.6,45.6,5,1
12.41,88.35,234.79,17.7,39.9,6,0
3.53,22.96,43.62,29.1,28.4,10,0
57.75,212.22,371.07,34.4,45.0,4,1
6.06,59.31,110.86,33.5,27.0,7,0
0.75,27.36,97.0,53.5,36.7,8,0
5.85,34.36,78.84,34.8,29.4,10,0
4.8,20.01,48.8,24.0,21.1,4,0
13.73,94.21,228.02,31.2,36.8,5,0
12.77,38.09,93.43,17.8,33.5,11,0
0.98,69.08,146.68,31.4,35.1,7,0
54.72,151.83,372.18,25.3,56.1,6,1
2.09,49.34,104.54,39.3,32.3,8,0
25.88,94.69,140.93,27.6,34.9,8,0
0.13,5.5,17.52,31.1,22.2,3,0
6.7,36.76,69.78,26.9,20.4,9,0
5.63,30.64,86.67,45.9,23.5,4,0
6.24,30.6,92.76,29.4,33.0,8,0
1.48,11.26,41.22,46.7,26.9,5,0
1.54,56.59,132.27,38.5,35.1,11,0
3.38,11.45,22.09,35.9,19.3,9,0
0.6,91.55,177.47,34.9,41.6,4,0
0.47,1.75,31.65,35.2,21.3,9,0
0.56,28.48,54.37,16.6,31.9,5,0
5.11,69.45,143.57,29.8,30.6,8,0
3.04,81.21,108.87,38.8,28.3,9,0
2.09,9.12,20.09,31.6,21.3,6,0
2.28,36.7,72.54,20.8,31.5,4,0
1.39,7.55,60.24,31.6,25.8,7,0
3.18,22.41,50.57,45.6,25.2,10,0
1.36,38.81,55.84,42.0,23.6,9,0
7.18,41.39,112.98,31.5,32.6,10,0
0.79,12.4,50.94,39.6,24.7,6,0
17.77,56.65,110.39,29.1,27.1,9,0
0.56,4.01,9.58,18.4,21.6,4,0
17.24,53.14,133.88,24.6,34.1,6,0
10.75,99.7,187.07,44.5,50.5,7,1
6.85,17.49,52.68,29.8,22.2,11,0
14.6,82.66,177.77,30.1,33.6,5,0
0.9,39.0,74.12,29.6,28.8,11,0
1.16,24.84,101.11,47.2,25.1,10,0
1.74,39.38,89.63,45.0,23.6,7,0
1.68,32.94,59.37,49.8,18.8,4,0
2.23,24.29,63.74,30.7,22.5,10,0
5.14,31.02,124.08,34.4,28.7,5,0
0.17,71.41,137.86,19.9,27.4,5,0
2.89,101.7,198.29,43.8,38.6,7,1
1.7,33.33,90.46,22.7,17.2,3,0
5.6,21.28,44.8,33.7,26.9,7,0
25.27,119.78,247.24,23.2,41.9,10,0
4.37,36.6,98.47,27.3,27.8,10,0
45.32,206.53,355.75,25.3,58.5,9,1
2.76,35.99,92.58,27.1,31.1,2,0
9.22,52.32,109.81,27.7,27.8,4,0
0.45,29.94,94.74,27.6,31.7,9,0
19.28,74.87,237.32,38.7,51.5,5,0
3.25,49.13,123.49,23.2,27.3,3,0
2.26,15.79,25.65,33.8,26.3,3,0
21.91,108.57,296.82,41.7,44.1,4,1
16.48,51.28,97.61,27.9,35.6,9,0
6.16,27.38,44.24,26.3,20.9,10,0
0.11,1.26,15.2,30.2,17.8,13,0
8.28,85.48,180.13,41.4,43.8,8,0
2.45,31.25,99.2,33.6,33.5,10,0
2.95,18.68,46.82,27.8,21.3,6,0
1.04,43.36,58.32,35.9,26.5,10,0
4.45,40.45,99.47,23.2,26.4,5,0
8.19,57.33,130.78,37.5,25.1,6,0
1.91,22.46,100.85,35.3,31.0,6,0
16.76,67.11,117.07,29.5,29.9,9,0
1.3,12.2,19.34,25.3,17.2,5,0
0.41,4.26,34.94,24.9,30.0,7,0
6.2,54.7,116.27,36.3,27.1,3,0
11.36,46.75,78.17,41.8,28.5,9,0
77.27,309.72,571.11,26.9,82.5,6,1
8.74,33.03,74.96,35.7,26.2,4,0
1.34,8.01,41.89,15.3,20.5,8,0
22.81,177.03,344.68,27.3,56.0,4,0
15.11,128.45,195.48,31.8,41.8,8,0
1.07,6.03,10.8,24.7,25.5,7,0
4.91,65.03,105.73,24.5,39.9,5,0
4.87,33.65,66.68,26.7,24.4,7,0
3.51,49.89,198.83,34.3,40.9,4,0
24.92,85.44,179.95,30.5,31.6,6,0
0.37,4.93,30.12,14.1,26.3,14,0
5.92,73.93,122.0,15.0,33.1,5,0
1.38,61.54,123.5,27.1,31.5,5,0
4.5,35.61,117.49,35.7,28.7,7,0
9.08,75.75,267.04,12.0,45.0,5,0
1.7,32.13,70.8,28.0,28.3,2,0
3.0,12.87,110.43,27.8,26.2,8,0
18.07,66.71,160.78,43.1,34.5,8,0
8.6,32.01,55.92,28.9,25.7,11,0
5.1,50.89,104.33,35.1,22.7,4,0
1.51,110.83,227.87,33.1,37.5,5,1
3.32,31.95,84.54,15.0,25.2,7,0
8.92,62.39,164.62,38.1,44.3,5,0
67.3,333.88,529.99,33.7,68.8,12,1
1.68,12.64,67.07,36.1,26.4,5,0
50.81,148.6,225.65,58.0,37.4,8,1
0.6,14.89,32.82,15.3,19.4,6,0
0.14,23.14,49.15,45.8,17.7,6,0
45.35,219.86,403.79,29.7,63.7,5,1
1.52,11.64,57.24,34.3,19.1,5,0
25.6,92.88,139.05,31.6,38.4,9,0
7.85,66.22,158.0,28.6,38.1,7,0
4.13,17.3,88.06,27.4,28.4,7,0
9.55,53.02,115.64,34.6,36.3,9,0
6.54,23.0,136.45,19.9,49.2,5,0
7.85,48.87,153.29,38.0,37.7,18,0
52.09,247.01,434.64,28.7,57.9,9,1
46.61,205.79,363.79,23.0,63.8,10,1
5.51,69.24,162.28,28.4,37.2,10,0
1.34,15.08,32.57,42.1,33.8,10,0
10.14,44.29,95.94,27.7,27.1,13,0
4.44,31.06,63.79,34.9,32.8,6,0
1.54,56.76,171.16,26.2,37.1,9,0
5.89,26.89,83.19,38.1,41.6,6,0
17.41,71.98,97.53,37.5,28.3,5,0
0.51,28.37,84.21,46.8,43.4,3,0
0.69,14.18,37.36,30.6,25.9,9,0
11.14,51.64,136.72,37.3,37.9,3,0
0.7,12.64,40.04,32.8,32.5,5,0
0.24,43.62,98.5,42.4,25.9,3,0
2.57,94.53,165.57,26.2,41.4,4,0
3.77,17.52,63.15,38.0,24.9,6,0
5.06,36.61,78.69,30.4,28.6,4,0
4.25,21.89,45.67,31.5,25.0,4,0
14.66,67.65,131.33,32.7,36.0,7,0
8.78,32.14,82.64,34.0,30.9,4,0
24.74,87.73,303.39,31.1,47.5,4,0
3.88,49.19,103.7,33.7,31.0,8,0
0.53,4.26,34.24,44.6,15.0,9,0
18.68,78.93,212.81,39.9,46.2,8,0
0.02,79.35,194.57,39.0,47.9,9,0
8.98,134.75,234.37,28.4,44.4,4,0
0.19,5.15,35.83,24.9,15.6,9,0
66.41,226.13,524.37,39.6,76.2,7,1
16.68,91.51,189.62,39.0,35.1,5,0
2.96,23.43,86.59,43.8,29.6,8,0
1.65,69.67,117.59,27.2,35.2,5,0
1.54,39.36,112.0,30.2,33.9,4,0
4.06,47.15,87.23,18.9,34.1,9,0
1.12,11.34,23.23,28.9,23.1,3,0
6.71,44.41,136.64,40.0,34.5,8,0
2.76,24.12,74.17,28.3,31.1,10,0
2.34,15.73,39.3,37.1,23.6,10,0
3.71,13.79,39.84,30.5,20.5,3,0
50.49,192.13,300.96,34.6,52.4,8,1
0.92,8.65,18.51,22.8,16.2,8,0
7.38,35.25,80.25,32.7,27.6,5,0
12.87,39.33,90.68,12.0,22.2,12,0
1.95,14.81,42.95,30.5,21.5,5,0
1.19,19.7,95.54,19.0,27.0,7,0
68.33,259.36,509.45,41.6,66.0,9,1
1.22,13.2,27.39,38.2,28.2,3,0
0.25,60.49,188.72,35.7,44.0,4,0
60.68,213.56,436.1,44.2,70.2,11,1
1.64,43.59,81.48,24.4,27.2,9,0
1.13,68.03,138.23,46.0,31.7,3,0
23.97,85.47,202.92,39.5,44.3,6,0
2.07,20.02,59.47,30.1,26.6,7,0
14.03,66.3,187.84,41.1,39.4,8,0
1.18,15.97,44.96,23.1,15.0,10,0
10.25,38.07,170.96,25.4,40.9,5,0
62.56,254.6,375.01,27.1,60.6,6,1
0.49,4.97,8.68,27.8,20.8,6,0
44.4,312.43,441.26,23.5,68.2,8,1
13.36,80.27,160.34,41.8,39.0,7,0
1.07,25.65,39.92,29.9,20.5,12,0
7.76,34.92,65.13,34.8,25.4,8,0
3.53,28.68,45.08,27.4,19.5,7,0
8.41,34.76,87.26,17.4,36.0,7,0
7.51,27.63,73.5,34.2,32.2,4,0
0.16,44.95,95.34,16.7,25.5,5,0
1.18,15.13,68.59,31.5,30.0,6,0
3.82,25.82,76.15,21.1,29.0,6,0
16.27,102.58,315.83,47.9,48.2,4,1
2.51,12.92,83.25,39.3,28.9,6,0
5.95,41.67,185.12,32.8,42.8,5,0
0.07,21.88,157.65,42.1,40.5,5,0
7.45,42.54,88.27,25.2,40.5,8,0
5.54,65.21,113.14,36.3,31.8,5,0
7.54,103.16,161.59,33.6,35.0,6,0
14.1,51.31,131.4,34.1,36.0,8,0
0.95,19.37,41.48,42.2,23.2,6,0
1.82,25.0,76.79,37.9,24.8,5,0
32.81,175.67,307.65,34.3,46.1,6,1
1.02,31.74,53.74,18.8,15.0,5,0
37.88,167.56,240.89,24.3,47.8,3,0
7.75,24.17,148.42,31.0,26.7,3,0
6.89,96.16,170.11,32.7,32.6,7,1
1.55,12.41,97.67,23.0,31.2,6,0
1.45,29.39,67.97,51.3,25.2,7,0
6.59,70.14,153.19,44.1,46.1,2,0
1.24,12.36,33.29,36.8,15.8,9,0
6.5,42.16,78.46,32.6,39.0,1,0
4.07,19.34,257.59,30.3,52.7,9,0
2.93,100.24,189.67,24.4,43.5,10,0
2.14,10.13,21.23,32.6,29.3,9,0
17.69,87.84,197.05,34.1,41.7,6,0
4.26,34.95,117.49,22.1,23.2,6,0
4.94,60.21,253.25,34.7,47.9,7,0
17.89,65.71,179.17,30.8,30.5,7,0
